 run; iterations; problem; colony size; Setup rand Kernel; read map; Distance Kernel; Iroulete ; Route ; Pheromone; Best Check;  Copy Data; Total Time ;
 0; 15; 1; 1024; 0.00253; 0.00228; 0.00002; 0.00055;  0.00912; 0.00004;  0.00004; 0.00002 ;  6664.113571 ; 0.270436 ;
 1; 15; 1; 1024; 0.00010; 0.00012; 0.00002; 0.00053;  0.00700; 0.00003;  0.00003; 0.00002 ;  6664.113571 ; 0.108333 ;
 2; 15; 1; 1024; 0.00007; 0.00011; 0.00002; 0.00038;  0.00649; 0.00003;  0.00003; 0.00002 ;  6664.113571 ; 0.100694 ;
 3; 15; 1; 1024; 0.00006; 0.00011; 0.00002; 0.00038;  0.00644; 0.00003;  0.00003; 0.00002 ;  6664.113571 ; 0.099708 ;
 4; 15; 1; 1024; 0.00007; 0.00011; 0.00002; 0.00038;  0.00641; 0.00003;  0.00003; 0.00002 ;  6664.113571 ; 0.099366 ;
 0; 15; 1; 2048; 0.00007; 0.00011; 0.00002; 0.00038;  0.00644; 0.00004;  0.00004; 0.00002 ;  6659.431533 ; 0.101497 ;
 1; 15; 1; 2048; 0.00007; 0.00011; 0.00002; 0.00038;  0.00645; 0.00004;  0.00004; 0.00002 ;  6659.431533 ; 0.101796 ;
 2; 15; 1; 2048; 0.00007; 0.00011; 0.00002; 0.00038;  0.00641; 0.00004;  0.00004; 0.00002 ;  6659.431533 ; 0.101329 ;
 3; 15; 1; 2048; 0.00007; 0.00014; 0.00002; 0.00038;  0.00644; 0.00004;  0.00004; 0.00002 ;  6659.431533 ; 0.125990 ;
 4; 15; 1; 2048; 0.00007; 0.00013; 0.00002; 0.00038;  0.00643; 0.00004;  0.00004; 0.00002 ;  6659.431533 ; 0.101735 ;
 0; 15; 1; 4096; 0.00008; 0.00012; 0.00002; 0.00038;  0.00655; 0.00007;  0.00007; 0.00002 ;  6659.431533 ; 0.109604 ;
 1; 15; 1; 4096; 0.00009; 0.00012; 0.00002; 0.00038;  0.00651; 0.00007;  0.00007; 0.00002 ;  6659.431533 ; 0.106792 ;
 2; 15; 1; 4096; 0.00009; 0.00011; 0.00002; 0.00038;  0.00653; 0.00007;  0.00007; 0.00002 ;  6659.431533 ; 0.106956 ;
 3; 15; 1; 4096; 0.00009; 0.00012; 0.00002; 0.00038;  0.00651; 0.00007;  0.00007; 0.00002 ;  6659.431533 ; 0.106712 ;
 4; 15; 1; 4096; 0.00009; 0.00011; 0.00002; 0.00038;  0.00652; 0.00007;  0.00007; 0.00002 ;  6659.431533 ; 0.106921 ;
 0; 15; 1; 8192; 0.00010; 0.00011; 0.00002; 0.00039;  0.00942; 0.00012;  0.00012; 0.00002 ;  6659.431533 ; 0.158015 ;
 1; 15; 1; 8192; 0.00010; 0.00011; 0.00003; 0.00038;  0.00945; 0.00013;  0.00013; 0.00006 ;  6659.431533 ; 0.158633 ;
 2; 15; 1; 8192; 0.00010; 0.00014; 0.00002; 0.00038;  0.00941; 0.00012;  0.00012; 0.00002 ;  6662.347870 ; 0.158070 ;
 3; 15; 1; 8192; 0.00010; 0.00012; 0.00002; 0.00038;  0.00951; 0.00012;  0.00012; 0.00002 ;  6662.347870 ; 0.159453 ;
 4; 15; 1; 8192; 0.00010; 0.00012; 0.00002; 0.00038;  0.00941; 0.00012;  0.00012; 0.00002 ;  6662.347870 ; 0.157908 ;
 0; 15; 2; 1024; 0.00160; 0.07854; 0.00120; 0.02034;  1.11096; 0.00508;  0.00508; 0.00007 ;  16027.380261 ; 17.043002 ;
 1; 15; 2; 1024; 0.00008; 0.01088; 0.00085; 0.01423;  1.12075; 0.00512;  0.00512; 0.00006 ;  16416.904425 ; 16.926307 ;
 2; 15; 2; 1024; 0.00008; 0.01118; 0.00086; 0.01435;  1.12732; 0.00516;  0.00516; 0.00010 ;  16053.262822 ; 17.025961 ;
 3; 15; 2; 1024; 0.00011; 0.01155; 0.00087; 0.01445;  1.12739; 0.00519;  0.00519; 0.00006 ;  16181.713523 ; 17.028465 ;
 4; 15; 2; 1024; 0.00008; 0.01050; 0.00087; 0.01447;  1.13222; 0.00518;  0.00518; 0.00005 ;  15737.317505 ; 17.098908 ;
 0; 15; 2; 2048; 0.00009; 0.01195; 0.00087; 0.01444;  1.45969; 0.01003;  0.01003; 0.00006 ;  16090.148238 ; 22.087389 ;
 1; 15; 2; 2048; 0.00010; 0.01101; 0.00087; 0.01458;  1.46815; 0.01009;  0.01009; 0.00003 ;  15566.484183 ; 22.215217 ;
 2; 15; 2; 2048; 0.00009; 0.01129; 0.00087; 0.01459;  1.48851; 0.01011;  0.01011; 0.00006 ;  16103.225027 ; 22.520439 ;
 3; 15; 2; 2048; 0.00009; 0.01202; 0.00088; 0.01465;  1.48672; 0.01016;  0.01016; 0.00003 ;  15990.648288 ; 22.495613 ;
 4; 15; 2; 2048; 0.00009; 0.01098; 0.00088; 0.01465;  1.49179; 0.01016;  0.01016; 0.00005 ;  15932.094045 ; 22.569959 ;
 0; 15; 2; 4096; 0.00010; 0.01609; 0.00088; 0.01465;  2.78208; 0.02005;  0.02005; 0.00004 ;  15590.728900 ; 42.081679 ;
 1; 15; 2; 4096; 0.00010; 0.01080; 0.00089; 0.01476;  2.86991; 0.02012;  0.02012; 0.00007 ;  15489.439968 ; 43.396216 ;
 2; 15; 2; 4096; 0.00010; 0.01313; 0.00091; 0.01478;  2.90192; 0.02012;  0.02012; 0.00007 ;  16000.841140 ; 43.881020 ;
 3; 15; 2; 4096; 0.00013; 0.01250; 0.00090; 0.01480;  2.87013; 0.02012;  0.02012; 0.00011 ;  16120.182414 ; 43.404151 ;
 4; 15; 2; 4096; 0.00011; 0.01162; 0.00089; 0.01477;  2.80929; 0.02012;  0.02012; 0.00009 ;  16153.092865 ; 42.491179 ;
 0; 15; 2; 8192; 0.00012; 0.01526; 0.00089; 0.01478;  5.86954; 0.03988;  0.03988; 0.00008 ;  15667.180166 ; 88.699121 ;
 1; 15; 2; 8192; 0.00012; 0.01211; 0.00089; 0.01481;  5.89456; 0.03990;  0.03990; 0.00006 ;  15728.079021 ; 89.074597 ;
 2; 15; 2; 8192; 0.00011; 0.01156; 0.00089; 0.01478;  5.87069; 0.03991;  0.03991; 0.00008 ;  15421.308184 ; 88.713343 ;
 3; 15; 2; 8192; 0.00012; 0.01114; 0.00089; 0.01481;  5.79925; 0.03987;  0.03987; 0.00283 ;  15822.455581 ; 87.645413 ;
 4; 15; 2; 8192; 0.00013; 0.01205; 0.00089; 0.01479;  5.80323; 0.03995;  0.03995; 0.00010 ;  15897.336455 ; 87.707202 ;
 0; 15; 3; 1024; 0.00261; 0.01868; 0.00007; 0.00292;  0.06174; 0.00026;  0.00026; 0.00006 ;  11262.920665 ; 1.109970 ;
 1; 15; 3; 1024; 0.00008; 0.00105; 0.00005; 0.00203;  0.05848; 0.00066;  0.00066; 0.00020 ;  11062.350363 ; 0.894787 ;
 2; 15; 3; 1024; 0.00008; 0.00099; 0.00007; 0.00203;  0.05837; 0.00025;  0.00025; 0.00003 ;  11237.001362 ; 0.886786 ;
 3; 15; 3; 1024; 0.00008; 0.00096; 0.00005; 0.00203;  0.05849; 0.00025;  0.00025; 0.00004 ;  11153.165831 ; 0.887672 ;
 4; 15; 3; 1024; 0.00008; 0.00093; 0.00006; 0.00204;  0.05825; 0.00047;  0.00047; 0.00003 ;  10799.326647 ; 0.887977 ;
 0; 15; 3; 2048; 0.00010; 0.00129; 0.00005; 0.00203;  0.05868; 0.00046;  0.00046; 0.00004 ;  11165.026607 ; 0.895744 ;
 1; 15; 3; 2048; 0.00010; 0.00088; 0.00005; 0.00203;  0.05860; 0.00047;  0.00047; 0.00006 ;  10922.995003 ; 0.894501 ;
 2; 15; 3; 2048; 0.00010; 0.00092; 0.00006; 0.00203;  0.05872; 0.00061;  0.00061; 0.00003 ;  10881.365625 ; 0.898621 ;
 3; 15; 3; 2048; 0.00009; 0.00089; 0.00005; 0.00203;  0.05871; 0.00048;  0.00048; 0.00003 ;  10727.455790 ; 0.896242 ;
 4; 15; 3; 2048; 0.00009; 0.00094; 0.00005; 0.00203;  0.05859; 0.00047;  0.00047; 0.00003 ;  10949.379681 ; 0.894601 ;
 0; 15; 3; 4096; 0.00009; 0.00092; 0.00005; 0.00203;  0.06618; 0.00103;  0.00103; 0.00003 ;  10762.677928 ; 1.020653 ;
 1; 15; 3; 4096; 0.00010; 0.00092; 0.00005; 0.00203;  0.06623; 0.00089;  0.00089; 0.00007 ;  10935.717214 ; 1.018979 ;
 2; 15; 3; 4096; 0.00010; 0.00094; 0.00006; 0.00203;  0.06631; 0.00091;  0.00091; 0.00003 ;  11071.275492 ; 1.020437 ;
 3; 15; 3; 4096; 0.00009; 0.00095; 0.00005; 0.00203;  0.06644; 0.00126;  0.00126; 0.00003 ;  10827.471726 ; 1.027836 ;
 4; 15; 3; 4096; 0.00010; 0.00095; 0.00005; 0.00204;  0.06651; 0.00089;  0.00089; 0.00007 ;  10744.085092 ; 1.022925 ;
 0; 15; 3; 8192; 0.00011; 0.00096; 0.00006; 0.00204;  0.11318; 0.00174;  0.00174; 0.00003 ;  10881.105511 ; 1.743613 ;
 1; 15; 3; 8192; 0.00011; 0.00096; 0.00005; 0.00204;  0.11281; 0.00176;  0.00176; 0.00007 ;  10812.053830 ; 1.737981 ;
 2; 15; 3; 8192; 0.00011; 0.00097; 0.00006; 0.00204;  0.11268; 0.00176;  0.00176; 0.00003 ;  10540.889369 ; 1.736887 ;
 3; 15; 3; 8192; 0.00011; 0.00097; 0.00005; 0.00205;  0.11338; 0.00175;  0.00175; 0.00003 ;  10811.104906 ; 1.746184 ;
 4; 15; 3; 8192; 0.00011; 0.00095; 0.00005; 0.00205;  0.11325; 0.00175;  0.00175; 0.00003 ;  10936.361673 ; 1.744850 ;
 0; 15; 4; 1024; 0.00255; 0.00396; 0.00013; 0.00443;  0.11532; 0.00044;  0.00044; 0.00002 ;  3139.151032 ; 1.879245 ;
 1; 15; 4; 1024; 0.00008; 0.00123; 0.00009; 0.00307;  0.11109; 0.00044;  0.00044; 0.00007 ;  3174.077033 ; 1.681520 ;
 2; 15; 4; 1024; 0.00007; 0.00127; 0.00009; 0.00308;  0.11060; 0.00043;  0.00043; 0.00002 ;  3184.466888 ; 1.674025 ;
 3; 15; 4; 1024; 0.00007; 0.00123; 0.00009; 0.00308;  0.11104; 0.00044;  0.00044; 0.00005 ;  3159.246201 ; 1.680589 ;
 4; 15; 4; 1024; 0.00007; 0.00126; 0.00009; 0.00308;  0.11124; 0.00043;  0.00043; 0.00002 ;  3167.993708 ; 1.683692 ;
 0; 15; 4; 2048; 0.00007; 0.00115; 0.00009; 0.00307;  0.11071; 0.00083;  0.00083; 0.00002 ;  3210.532160 ; 1.683082 ;
 1; 15; 4; 2048; 0.00009; 0.00128; 0.00009; 0.00307;  0.11142; 0.00083;  0.00083; 0.00005 ;  3150.524673 ; 1.694070 ;
 2; 15; 4; 2048; 0.00009; 0.00134; 0.00009; 0.00308;  0.11117; 0.00083;  0.00083; 0.00002 ;  3171.685525 ; 1.706943 ;
 3; 15; 4; 2048; 0.00008; 0.00125; 0.00009; 0.00308;  0.11145; 0.00083;  0.00083; 0.00002 ;  3133.856560 ; 1.694492 ;
 4; 15; 4; 2048; 0.00008; 0.00123; 0.00009; 0.00308;  0.11099; 0.00083;  0.00083; 0.00002 ;  3154.594082 ; 1.687593 ;
 0; 15; 4; 4096; 0.00009; 0.00124; 0.00009; 0.00308;  0.13921; 0.00162;  0.00162; 0.00005 ;  3045.367477 ; 2.126329 ;
 1; 15; 4; 4096; 0.00009; 0.00123; 0.00009; 0.00310;  0.13905; 0.00162;  0.00162; 0.00002 ;  3170.520766 ; 2.124217 ;
 2; 15; 4; 4096; 0.00009; 0.00121; 0.00009; 0.00309;  0.13900; 0.00162;  0.00162; 0.00002 ;  3163.539017 ; 2.123156 ;
 3; 15; 4; 4096; 0.00009; 0.00120; 0.00009; 0.00309;  0.13897; 0.00162;  0.00162; 0.00002 ;  3088.034382 ; 2.122563 ;
 4; 15; 4; 4096; 0.00010; 0.00121; 0.00009; 0.00309;  0.13859; 0.00162;  0.00162; 0.00005 ;  3146.506604 ; 2.137446 ;
 0; 15; 4; 8192; 0.00010; 0.00121; 0.00010; 0.00309;  0.29355; 0.00324;  0.00324; 0.00002 ;  3096.670137 ; 4.473564 ;
 1; 15; 4; 8192; 0.00011; 0.00125; 0.00009; 0.00312;  0.29429; 0.00324;  0.00324; 0.00002 ;  3113.907777 ; 4.484636 ;
 2; 15; 4; 8192; 0.00010; 0.00123; 0.00010; 0.00312;  0.29421; 0.00325;  0.00325; 0.00006 ;  3134.508147 ; 4.483734 ;
 3; 15; 4; 8192; 0.00011; 0.00117; 0.00010; 0.00314;  0.29283; 0.00325;  0.00325; 0.00003 ;  3103.805535 ; 4.463097 ;
 4; 15; 4; 8192; 0.00011; 0.00119; 0.00010; 0.00314;  0.29489; 0.00325;  0.00325; 0.00002 ;  3158.368523 ; 4.494926 ;
 0; 15; 5; 1024; 0.00260; 0.02224; 0.00007; 0.00312;  0.06308; 0.00026;  0.00026; 0.00005 ;  17768.263299 ; 1.165970 ;
 1; 15; 5; 1024; 0.00008; 0.00076; 0.00005; 0.00205;  0.05997; 0.00024;  0.00024; 0.00002 ;  17746.197922 ; 0.909540 ;
 2; 15; 5; 1024; 0.00007; 0.00072; 0.00005; 0.00205;  0.05969; 0.00024;  0.00024; 0.00003 ;  17847.247089 ; 0.905069 ;
 3; 15; 5; 1024; 0.00007; 0.00073; 0.00005; 0.00205;  0.05948; 0.00024;  0.00024; 0.00002 ;  17669.119827 ; 0.901629 ;
 4; 15; 5; 1024; 0.00007; 0.00072; 0.00005; 0.00205;  0.05962; 0.00024;  0.00024; 0.00002 ;  17892.286522 ; 0.903996 ;
 0; 15; 5; 2048; 0.00007; 0.00076; 0.00005; 0.00205;  0.05992; 0.00046;  0.00046; 0.00005 ;  17686.315535 ; 0.913613 ;
 1; 15; 5; 2048; 0.00008; 0.00074; 0.00005; 0.00205;  0.05989; 0.00046;  0.00046; 0.00002 ;  17742.446234 ; 0.913003 ;
 2; 15; 5; 2048; 0.00009; 0.00077; 0.00005; 0.00205;  0.05994; 0.00046;  0.00046; 0.00002 ;  17386.574270 ; 0.913698 ;
 3; 15; 5; 2048; 0.00008; 0.00075; 0.00005; 0.00205;  0.05998; 0.00046;  0.00046; 0.00002 ;  17818.186714 ; 0.914597 ;
 4; 15; 5; 2048; 0.00008; 0.00076; 0.00005; 0.00205;  0.06015; 0.00046;  0.00046; 0.00002 ;  17879.505592 ; 0.917149 ;
 0; 15; 5; 4096; 0.00008; 0.00075; 0.00005; 0.00205;  0.06779; 0.00089;  0.00089; 0.00002 ;  17624.750867 ; 1.041135 ;
 1; 15; 5; 4096; 0.00009; 0.00075; 0.00005; 0.00205;  0.06718; 0.00089;  0.00089; 0.00002 ;  17718.500044 ; 1.032200 ;
 2; 15; 5; 4096; 0.00009; 0.00074; 0.00005; 0.00205;  0.06757; 0.00089;  0.00089; 0.00005 ;  17711.783367 ; 1.038012 ;
 3; 15; 5; 4096; 0.00009; 0.00072; 0.00005; 0.00205;  0.06749; 0.00089;  0.00089; 0.00002 ;  17357.802863 ; 1.037121 ;
 4; 15; 5; 4096; 0.00010; 0.00074; 0.00006; 0.00205;  0.06762; 0.00089;  0.00089; 0.00002 ;  17756.189536 ; 1.038903 ;
 0; 15; 5; 8192; 0.00010; 0.00074; 0.00005; 0.00207;  0.11597; 0.00176;  0.00176; 0.00002 ;  17437.311901 ; 1.784042 ;
 1; 15; 5; 8192; 0.00011; 0.00072; 0.00005; 0.00207;  0.11615; 0.00176;  0.00176; 0.00006 ;  17316.862169 ; 1.786798 ;
 2; 15; 5; 8192; 0.00010; 0.00077; 0.00005; 0.00207;  0.11623; 0.00176;  0.00176; 0.00002 ;  17317.849692 ; 1.788395 ;
 3; 15; 5; 8192; 0.00011; 0.00079; 0.00005; 0.00207;  0.11573; 0.00176;  0.00176; 0.00002 ;  17507.632954 ; 1.781036 ;
 4; 15; 5; 8192; 0.00011; 0.00073; 0.00005; 0.00207;  0.11573; 0.00176;  0.00176; 0.00002 ;  17624.355662 ; 1.780603 ;
 0; 15; 6; 1024; 0.00255; 0.01913; 0.00211; 0.04567;  2.99900; 0.00890;  0.00890; 0.00019 ;  65118.998729 ; 45.342428 ;
 1; 15; 6; 1024; 0.00009; 0.01731; 0.00149; 0.03253;  3.01483; 0.00897;  0.00897; 0.00008 ;  65376.003606 ; 45.430566 ;
 2; 15; 6; 1024; 0.00255; 0.01913; 0.00211; 0.04567;  2.99900; 0.00890;  0.00890; 0.00019 ;  65118.998729 ; 45.342428 ;
 3; 15; 6; 1024; 0.00009; 0.01731; 0.00149; 0.03253;  3.01483; 0.00897;  0.00897; 0.00008 ;  65376.003606 ; 45.430566 ;
 4; 15; 6; 1024; 0.00255; 0.01913; 0.00211; 0.04567;  2.99900; 0.00890;  0.00890; 0.00019 ;  65118.998729 ; 45.342428 ;
 0; 15; 6; 2048; 0.00010; 0.01719; 0.00149; 0.03270;  3.22315; 0.01774;  0.01774; 0.00008 ;  64942.713970 ; 48.689567 ;
 1; 15; 6; 2048; 0.00010; 0.01668; 0.00151; 0.03273;  3.24690; 0.01793;  0.01793; 0.00007 ;  63615.633679 ; 49.046308 ;
 2; 15; 6; 2048; 0.00010; 0.01719; 0.00149; 0.03270;  3.22315; 0.01774;  0.01774; 0.00008 ;  64942.713970 ; 48.689567 ;
 3; 15; 6; 2048; 0.00010; 0.01668; 0.00151; 0.03273;  3.24690; 0.01793;  0.01793; 0.00007 ;  63615.633679 ; 49.046308 ;
 4; 15; 6; 2048; 0.00010; 0.01719; 0.00149; 0.03270;  3.22315; 0.01774;  0.01774; 0.00008 ;  64942.713970 ; 48.689567 ;
 0; 15; 6; 4096; 0.00011; 0.01711; 0.00152; 0.03348;  5.82634; 0.03569;  0.03569; 0.00009 ;  63857.872409 ; 88.010094 ;
 1; 15; 6; 4096; 0.00010; 0.01812; 0.00153; 0.03332;  5.79270; 0.03574;  0.03574; 0.00006 ;  62914.306548 ; 87.504851 ;
 2; 15; 6; 4096; 0.00011; 0.01711; 0.00152; 0.03348;  5.82634; 0.03569;  0.03569; 0.00009 ;  63857.872409 ; 88.010094 ;
 3; 15; 6; 4096; 0.00010; 0.01812; 0.00153; 0.03332;  5.79270; 0.03574;  0.03574; 0.00006 ;  62914.306548 ; 87.504851 ;
 4; 15; 6; 4096; 0.00011; 0.01711; 0.00152; 0.03348;  5.82634; 0.03569;  0.03569; 0.00009 ;  63857.872409 ; 88.010094 ;
 0; 15; 6; 8192; 0.00012; 0.01700; 0.00153; 0.03344;  12.08541; 0.07121;  0.07121; 0.00228 ;  63518.276851 ; 182.469670 ;
 1; 15; 6; 8192; 0.00012; 0.01769; 0.00153; 0.03303;  12.13286; 0.07120;  0.07120; 0.00008 ;  62734.858962 ; 183.147788 ;
 2; 15; 6; 8192; 0.00012; 0.01700; 0.00153; 0.03344;  12.08541; 0.07121;  0.07121; 0.00228 ;  63518.276851 ; 182.469670 ;
 3; 15; 6; 8192; 0.00012; 0.01769; 0.00153; 0.03303;  12.13286; 0.07120;  0.07120; 0.00008 ;  62734.858962 ; 183.147788 ;
 4; 15; 6; 8192; 0.00012; 0.01700; 0.00153; 0.03344;  12.08541; 0.07121;  0.07121; 0.00228 ;  63518.276851 ; 182.469670 ;
 0; 15; 7; 1024; 0.00256; 0.05574; 0.00014; 0.00518;  0.15217; 0.00055;  0.00055; 0.00005 ;  50702.121728 ; 2.522772 ;
 1; 15; 7; 1024; 0.00008; 0.00150; 0.00010; 0.00349;  0.14653; 0.00054;  0.00054; 0.00002 ;  51074.051274 ; 2.215543 ;
 2; 15; 7; 1024; 0.00007; 0.00145; 0.00010; 0.00349;  0.14666; 0.00054;  0.00054; 0.00004 ;  50131.093361 ; 2.217502 ;
 3; 15; 7; 1024; 0.00007; 0.00147; 0.00010; 0.00349;  0.14684; 0.00054;  0.00054; 0.00002 ;  50034.913526 ; 2.220141 ;
 4; 15; 7; 1024; 0.00007; 0.00143; 0.00010; 0.00349;  0.14672; 0.00054;  0.00054; 0.00002 ;  50142.514082 ; 2.218177 ;
 0; 15; 7; 2048; 0.00007; 0.00143; 0.00010; 0.00349;  0.14778; 0.00103;  0.00103; 0.00004 ;  50219.190647 ; 2.243144 ;
 1; 15; 7; 2048; 0.00009; 0.00156; 0.00010; 0.00349;  0.14769; 0.00103;  0.00103; 0.00002 ;  49430.747332 ; 2.243092 ;
 2; 15; 7; 2048; 0.00008; 0.00145; 0.00010; 0.00349;  0.14858; 0.00103;  0.00103; 0.00005 ;  49650.260839 ; 2.255373 ;
 3; 15; 7; 2048; 0.00008; 0.00146; 0.00010; 0.00352;  0.14855; 0.00104;  0.00104; 0.00002 ;  49769.571759 ; 2.255117 ;
 4; 15; 7; 2048; 0.00008; 0.00143; 0.00010; 0.00352;  0.14864; 0.00104;  0.00104; 0.00002 ;  50716.369966 ; 2.256444 ;
 0; 15; 7; 4096; 0.00009; 0.00146; 0.00010; 0.00353;  0.17865; 0.00203;  0.00203; 0.00005 ;  49941.105283 ; 2.724955 ;
 1; 15; 7; 4096; 0.00009; 0.00144; 0.00010; 0.00351;  0.17814; 0.00203;  0.00203; 0.00002 ;  49069.526420 ; 2.717492 ;
 2; 15; 7; 4096; 0.00009; 0.00139; 0.00010; 0.00351;  0.17916; 0.00203;  0.00203; 0.00002 ;  49215.809036 ; 2.732717 ;
 3; 15; 7; 4096; 0.00009; 0.00146; 0.00010; 0.00351;  0.17844; 0.00203;  0.00203; 0.00002 ;  49393.717180 ; 2.721619 ;
 4; 15; 7; 4096; 0.00009; 0.00142; 0.00010; 0.00351;  0.17908; 0.00203;  0.00203; 0.00002 ;  50005.647625 ; 2.731403 ;
 0; 15; 7; 8192; 0.00010; 0.00145; 0.00010; 0.00351;  0.40437; 0.00401;  0.00401; 0.00005 ;  49626.175066 ; 6.148247 ;
 1; 15; 7; 8192; 0.00010; 0.00140; 0.00010; 0.00351;  0.40688; 0.00404;  0.00404; 0.00002 ;  49714.437373 ; 6.186730 ;
 2; 15; 7; 8192; 0.00011; 0.00129; 0.00010; 0.00354;  0.40529; 0.00404;  0.00404; 0.00002 ;  48860.379907 ; 6.162155 ;
 3; 15; 7; 8192; 0.00010; 0.00144; 0.00010; 0.00354;  0.40850; 0.00405;  0.00405; 0.00005 ;  47873.595777 ; 6.211251 ;
 4; 15; 7; 8192; 0.00011; 0.00141; 0.00010; 0.00355;  0.40542; 0.00406;  0.00406; 0.00002 ;  50091.404639 ; 6.164788 ;
 0; 15; 8; 1024; 0.00253; 0.03165; 0.00027; 0.00713;  0.24437; 0.00104;  0.00104; 0.00005 ;  63267.832239 ; 3.858716 ;
 1; 15; 8; 1024; 0.00008; 0.00277; 0.00019; 0.00495;  0.24178; 0.00104;  0.00104; 0.00005 ;  62839.424798 ; 3.656132 ;
 2; 15; 8; 1024; 0.00008; 0.00250; 0.00019; 0.00494;  0.24307; 0.00104;  0.00104; 0.00003 ;  63364.883989 ; 3.675316 ;
 3; 15; 8; 1024; 0.00008; 0.00278; 0.00019; 0.00497;  0.24335; 0.00104;  0.00104; 0.00005 ;  63446.061466 ; 3.679963 ;
 4; 15; 8; 1024; 0.00008; 0.00269; 0.00019; 0.00498;  0.24367; 0.00105;  0.00105; 0.00005 ;  64315.642260 ; 3.684247 ;
 0; 15; 8; 2048; 0.00009; 0.00278; 0.00019; 0.00499;  0.24761; 0.00201;  0.00201; 0.00002 ;  63957.496857 ; 3.759870 ;
 1; 15; 8; 2048; 0.00009; 0.00247; 0.00019; 0.00499;  0.24902; 0.00202;  0.00202; 0.00005 ;  64682.833491 ; 3.780733 ;
 2; 15; 8; 2048; 0.00009; 0.00269; 0.00019; 0.00500;  0.24913; 0.00202;  0.00202; 0.00002 ;  64374.188658 ; 3.783004 ;
 3; 15; 8; 2048; 0.00008; 0.00258; 0.00019; 0.00500;  0.25037; 0.00202;  0.00202; 0.00002 ;  62951.362996 ; 3.800932 ;
 4; 15; 8; 2048; 0.00008; 0.00276; 0.00019; 0.00502;  0.24982; 0.00202;  0.00202; 0.00002 ;  63418.933313 ; 3.793583 ;
 0; 15; 8; 4096; 0.00009; 0.00284; 0.00019; 0.00502;  0.32684; 0.00397;  0.00397; 0.00005 ;  63243.503478 ; 5.010031 ;
 1; 15; 8; 4096; 0.00009; 0.00284; 0.00019; 0.00502;  0.32942; 0.00397;  0.00397; 0.00002 ;  63783.791598 ; 5.020897 ;
 2; 15; 8; 4096; 0.00010; 0.00277; 0.00019; 0.00505;  0.33168; 0.00400;  0.00400; 0.00002 ;  63464.841529 ; 5.055429 ;
 3; 15; 8; 4096; 0.00012; 0.00251; 0.00020; 0.00507;  0.32882; 0.00400;  0.00400; 0.00003 ;  61524.633840 ; 5.012504 ;
 4; 15; 8; 4096; 0.00009; 0.00261; 0.00019; 0.00507;  0.32894; 0.00400;  0.00400; 0.00009 ;  63813.186307 ; 5.014328 ;
 0; 15; 8; 8192; 0.00010; 0.00261; 0.00020; 0.00511;  0.94268; 0.00798;  0.00798; 0.00004 ;  62602.909158 ; 14.288600 ;
 1; 15; 8; 8192; 0.00010; 0.00264; 0.00020; 0.00509;  0.94016; 0.00804;  0.00804; 0.00005 ;  62810.430413 ; 14.251195 ;
 2; 15; 8; 8192; 0.00011; 0.00260; 0.00020; 0.00514;  0.94627; 0.00806;  0.00806; 0.00012 ;  62155.405394 ; 14.343575 ;
 3; 15; 8; 8192; 0.00011; 0.00263; 0.00020; 0.00514;  0.94459; 0.00805;  0.00805; 0.00003 ;  63125.324773 ; 14.318437 ;
 4; 15; 8; 8192; 0.00012; 0.00279; 0.00020; 0.00514;  0.94929; 0.00805;  0.00805; 0.00003 ;  62711.127516 ; 14.388348 ;
 0; 15; 9; 1024; 0.00253; 0.01695; 0.00171; 0.04033;  2.28939; 0.00722;  0.00722; 0.00006 ;  78293.841666 ; 34.653790 ;
 1; 15; 9; 1024; 0.00008; 0.01409; 0.00123; 0.02925;  2.30317; 0.00728;  0.00728; 0.00006 ;  77667.855748 ; 34.718275 ;
 2; 15; 9; 1024; 0.00253; 0.01695; 0.00171; 0.04033;  2.28939; 0.00722;  0.00722; 0.00006 ;  78293.841666 ; 34.653790 ;
 3; 15; 9; 1024; 0.00008; 0.01409; 0.00123; 0.02925;  2.30317; 0.00728;  0.00728; 0.00006 ;  77667.855748 ; 34.718275 ;
 4; 15; 9; 1024; 0.00253; 0.01695; 0.00171; 0.04033;  2.28939; 0.00722;  0.00722; 0.00006 ;  78293.841666 ; 34.653790 ;
 0; 15; 9; 2048; 0.00009; 0.01807; 0.00123; 0.02906;  2.58644; 0.01443;  0.01443; 0.00006 ;  77635.356396 ; 39.080000 ;
 1; 15; 9; 2048; 0.00009; 0.01336; 0.00125; 0.02954;  2.60681; 0.01455;  0.01455; 0.00006 ;  76554.608479 ; 39.383098 ;
 2; 15; 9; 2048; 0.00009; 0.01807; 0.00123; 0.02906;  2.58644; 0.01443;  0.01443; 0.00006 ;  77635.356396 ; 39.080000 ;
 3; 15; 9; 2048; 0.00009; 0.01336; 0.00125; 0.02954;  2.60681; 0.01455;  0.01455; 0.00006 ;  76554.608479 ; 39.383098 ;
 4; 15; 9; 2048; 0.00009; 0.01807; 0.00123; 0.02906;  2.58644; 0.01443;  0.01443; 0.00006 ;  77635.356396 ; 39.080000 ;
 0; 15; 9; 4096; 0.00010; 0.01376; 0.00126; 0.02971;  4.66686; 0.02898;  0.02898; 0.00007 ;  76467.080284 ; 70.504648 ;
 1; 15; 9; 4096; 0.00010; 0.01782; 0.00128; 0.02993;  4.68290; 0.02901;  0.02901; 0.00007 ;  76338.988508 ; 70.755002 ;
 2; 15; 9; 4096; 0.00010; 0.01376; 0.00126; 0.02971;  4.66686; 0.02898;  0.02898; 0.00007 ;  76467.080284 ; 70.504648 ;
 3; 15; 9; 4096; 0.00010; 0.01782; 0.00128; 0.02993;  4.68290; 0.02901;  0.02901; 0.00007 ;  76338.988508 ; 70.755002 ;
 4; 15; 9; 4096; 0.00010; 0.01376; 0.00126; 0.02971;  4.66686; 0.02898;  0.02898; 0.00007 ;  76467.080284 ; 70.504648 ;
 0; 15; 9; 8192; 0.00011; 0.01458; 0.00126; 0.02975;  10.03828; 0.05859;  0.05859; 0.00009 ;  76172.296216 ; 151.530873 ;
 1; 15; 9; 8192; 0.00012; 0.01413; 0.00133; 0.03088;  10.01874; 0.05878;  0.05878; 0.00012 ;  76469.165243 ; 151.242895 ;
 2; 15; 9; 8192; 0.00011; 0.01458; 0.00126; 0.02975;  10.03828; 0.05859;  0.05859; 0.00009 ;  76172.296216 ; 151.530873 ;
 3; 15; 9; 8192; 0.00012; 0.01413; 0.00133; 0.03088;  10.01874; 0.05878;  0.05878; 0.00012 ;  76469.165243 ; 151.242895 ;
 4; 15; 9; 8192; 0.00011; 0.01458; 0.00126; 0.02975;  10.03828; 0.05859;  0.05859; 0.00009 ;  76172.296216 ; 151.530873 ;
 0; 15; 10; 1024; 0.00254; 0.09425; 0.00126; 0.02080;  1.66608; 0.00531;  0.00531; 0.00007 ;  342447.279267 ; 25.323857 ;
 1; 15; 10; 1024; 0.00008; 0.01140; 0.00088; 0.01446;  1.67457; 0.00535;  0.00535; 0.00006 ;  341617.191735 ; 25.238268 ;
 2; 15; 10; 1024; 0.00008; 0.01153; 0.00089; 0.01453;  1.68480; 0.00538;  0.00538; 0.00009 ;  344592.259100 ; 25.393429 ;
 3; 15; 10; 1024; 0.00009; 0.01047; 0.00089; 0.01454;  1.69338; 0.00540;  0.00540; 0.00007 ;  339262.350009 ; 25.523840 ;
 4; 15; 10; 1024; 0.00008; 0.01169; 0.00089; 0.01467;  1.69623; 0.00542;  0.00542; 0.00004 ;  340313.595564 ; 25.564421 ;
 0; 15; 10; 2048; 0.00009; 0.01077; 0.00089; 0.01466;  1.73545; 0.01048;  0.01048; 0.00009 ;  333450.046232 ; 26.231241 ;
 1; 15; 10; 2048; 0.00009; 0.01083; 0.00090; 0.01477;  1.73887; 0.01054;  0.01054; 0.00004 ;  342300.346574 ; 26.283336 ;
 2; 15; 10; 2048; 0.00009; 0.01305; 0.00090; 0.01480;  1.73934; 0.01054;  0.01054; 0.00008 ;  343261.528432 ; 26.292387 ;
 3; 15; 10; 2048; 0.00009; 0.01115; 0.00090; 0.01478;  1.74528; 0.01054;  0.01054; 0.00004 ;  340379.688029 ; 26.379787 ;
 4; 15; 10; 2048; 0.00009; 0.01200; 0.00092; 0.01478;  1.74294; 0.01054;  0.01054; 0.00008 ;  336412.119559 ; 26.348672 ;
 0; 15; 10; 4096; 0.00010; 0.01077; 0.00090; 0.01478;  2.83396; 0.02077;  0.02077; 0.00005 ;  338471.996569 ; 42.868434 ;
 1; 15; 10; 4096; 0.00010; 0.01073; 0.00090; 0.01487;  2.84676; 0.02090;  0.02090; 0.00008 ;  341475.732806 ; 43.060678 ;
 2; 15; 10; 4096; 0.00010; 0.01159; 0.00091; 0.01487;  2.83804; 0.02102;  0.02102; 0.00007 ;  334227.380581 ; 42.946830 ;
 3; 15; 10; 4096; 0.00010; 0.01248; 0.00097; 0.01580;  2.86957; 0.02102;  0.02102; 0.00007 ;  340810.784925 ; 43.410021 ;
 4; 15; 10; 4096; 0.00010; 0.01125; 0.00091; 0.01487;  2.88804; 0.02102;  0.02102; 0.00007 ;  338727.318400 ; 43.682390 ;
 0; 15; 10; 8192; 0.00011; 0.01091; 0.00090; 0.01486;  6.04350; 0.04218;  0.04218; 0.00010 ;  331389.070943 ; 91.339925 ;
 1; 15; 10; 8192; 0.00012; 0.01154; 0.00091; 0.01493;  6.05972; 0.04227;  0.04227; 0.00011 ;  338654.437160 ; 91.588900 ;
 2; 15; 10; 8192; 0.00012; 0.01076; 0.00096; 0.01573;  6.07948; 0.04190;  0.04190; 0.00008 ;  337079.960569 ; 91.875803 ;
 3; 15; 10; 8192; 0.00012; 0.01057; 0.00090; 0.01487;  6.05495; 0.04211;  0.04211; 0.00069 ;  336922.605886 ; 91.510734 ;
 4; 15; 10; 8192; 0.00012; 0.01389; 0.00091; 0.01496;  6.04588; 0.04214;  0.04214; 0.00179 ;  340778.189008 ; 91.379640 ;
 0; 15; 11; 1024; 0.00257; 0.08825; 0.00669; 0.12882;  16.69943; 0.02934;  0.02934; 0.00009 ;  517898.234436 ; 251.412510 ;
 1; 15; 11; 1024; 0.00257; 0.08825; 0.00669; 0.12882;  16.69943; 0.02934;  0.02934; 0.00009 ;  517898.234436 ; 251.412510 ;
 2; 15; 11; 1024; 0.00257; 0.08825; 0.00669; 0.12882;  16.69943; 0.02934;  0.02934; 0.00009 ;  517898.234436 ; 251.412510 ;
 3; 15; 11; 1024; 0.00257; 0.08825; 0.00669; 0.12882;  16.69943; 0.02934;  0.02934; 0.00009 ;  517898.234436 ; 251.412510 ;
 4; 15; 11; 1024; 0.00257; 0.08825; 0.00669; 0.12882;  16.69943; 0.02934;  0.02934; 0.00009 ;  517898.234436 ; 251.412510 ;
 0; 15; 11; 2048; 0.00009; 0.09232; 0.00500; 0.09647;  19.45177; 0.05818;  0.05818; 0.00014 ;  514207.738542 ; 292.912961 ;
 1; 15; 11; 2048; 0.00009; 0.09232; 0.00500; 0.09647;  19.45177; 0.05818;  0.05818; 0.00014 ;  514207.738542 ; 292.912961 ;
 2; 15; 11; 2048; 0.00009; 0.09232; 0.00500; 0.09647;  19.45177; 0.05818;  0.05818; 0.00014 ;  514207.738542 ; 292.912961 ;
 3; 15; 11; 2048; 0.00009; 0.09232; 0.00500; 0.09647;  19.45177; 0.05818;  0.05818; 0.00014 ;  514207.738542 ; 292.912961 ;
 4; 15; 11; 2048; 0.00009; 0.09232; 0.00500; 0.09647;  19.45177; 0.05818;  0.05818; 0.00014 ;  514207.738542 ; 292.912961 ;
 0; 15; 11; 4096; 0.00011; 0.10192; 0.00500; 0.09591;  28.43355; 0.11698;  0.11698; 0.00005 ;  512547.356258 ; 428.534431 ;
 1; 15; 11; 4096; 0.00011; 0.10192; 0.00500; 0.09591;  28.43355; 0.11698;  0.11698; 0.00005 ;  512547.356258 ; 428.534431 ;
 2; 15; 11; 4096; 0.00011; 0.10192; 0.00500; 0.09591;  28.43355; 0.11698;  0.11698; 0.00005 ;  512547.356258 ; 428.534431 ;
 3; 15; 11; 4096; 0.00011; 0.10192; 0.00500; 0.09591;  28.43355; 0.11698;  0.11698; 0.00005 ;  512547.356258 ; 428.534431 ;
 4; 15; 11; 4096; 0.00011; 0.10192; 0.00500; 0.09591;  28.43355; 0.11698;  0.11698; 0.00005 ;  512547.356258 ; 428.534431 ;
 0; 15; 11; 8192; 0.00011; 0.09263; 0.00504; 0.09679;  59.72695; 0.23350;  0.23350; 0.00005 ;  511758.705770 ; 899.669064 ;
 1; 15; 11; 8192; 0.00011; 0.09263; 0.00504; 0.09679;  59.72695; 0.23350;  0.23350; 0.00005 ;  511758.705770 ; 899.669064 ;
 2; 15; 11; 8192; 0.00011; 0.09263; 0.00504; 0.09679;  59.72695; 0.23350;  0.23350; 0.00005 ;  511758.705770 ; 899.669064 ;
 3; 15; 11; 8192; 0.00011; 0.09263; 0.00504; 0.09679;  59.72695; 0.23350;  0.23350; 0.00005 ;  511758.705770 ; 899.669064 ;
 4; 15; 11; 8192; 0.00011; 0.09263; 0.00504; 0.09679;  59.72695; 0.23350;  0.23350; 0.00005 ;  511758.705770 ; 899.669064 ;
 0; 15; 12; 1024; 0.00255; 0.05636; 0.00078; 0.01478;  0.88427; 0.00332;  0.00332; 0.00005 ;  11328.951506 ; 13.550886 ;
 1; 15; 12; 1024; 0.00008; 0.00721; 0.00055; 0.01007;  0.88198; 0.00333;  0.00333; 0.00005 ;  11451.091793 ; 13.306372 ;
 2; 15; 12; 1024; 0.00008; 0.00735; 0.00056; 0.01011;  0.88427; 0.00334;  0.00334; 0.00005 ;  11459.131335 ; 13.341960 ;
 3; 15; 12; 1024; 0.00008; 0.00643; 0.00056; 0.01012;  0.88478; 0.00333;  0.00333; 0.00002 ;  11437.947279 ; 13.348789 ;
 4; 15; 12; 1024; 0.00009; 0.00701; 0.00056; 0.01013;  0.88021; 0.00334;  0.00334; 0.00005 ;  11457.163370 ; 13.279873 ;
 0; 15; 12; 2048; 0.00009; 0.00751; 0.00056; 0.01013;  0.90413; 0.00646;  0.00646; 0.00003 ;  11356.519355 ; 13.694141 ;
 1; 15; 12; 2048; 0.00009; 0.00636; 0.00056; 0.01020;  0.90725; 0.00647;  0.00647; 0.00006 ;  11385.008442 ; 13.734939 ;
 2; 15; 12; 2048; 0.00009; 0.00692; 0.00056; 0.01018;  0.90684; 0.00647;  0.00647; 0.00003 ;  11426.767878 ; 13.728933 ;
 3; 15; 12; 2048; 0.00008; 0.00859; 0.00056; 0.01021;  0.91434; 0.00651;  0.00651; 0.00002 ;  11443.506072 ; 13.843382 ;
 4; 15; 12; 2048; 0.00008; 0.00621; 0.00056; 0.01025;  0.91365; 0.00652;  0.00652; 0.00002 ;  11289.281795 ; 13.831358 ;
 0; 15; 12; 4096; 0.00010; 0.00695; 0.00057; 0.01025;  1.62568; 0.01285;  0.01285; 0.00007 ;  11275.163757 ; 24.611695 ;
 1; 15; 12; 4096; 0.00009; 0.01065; 0.00057; 0.01034;  1.62285; 0.01292;  0.01292; 0.00003 ;  11364.356815 ; 24.574161 ;
 2; 15; 12; 4096; 0.00009; 0.00685; 0.00057; 0.01034;  1.62364; 0.01293;  0.01293; 0.00006 ;  11217.853289 ; 24.583890 ;
 3; 15; 12; 4096; 0.00009; 0.00600; 0.00057; 0.01038;  1.62646; 0.01302;  0.01302; 0.00003 ;  11165.855336 ; 24.625439 ;
 4; 15; 12; 4096; 0.00009; 0.00702; 0.00057; 0.01045;  1.64194; 0.01315;  0.01315; 0.00003 ;  11269.899099 ; 24.861045 ;
 0; 15; 12; 8192; 0.00011; 0.00649; 0.00058; 0.01056;  3.74806; 0.02696;  0.02696; 0.00008 ;  11215.611306 ; 56.667882 ;
 1; 15; 12; 8192; 0.00013; 0.00827; 0.00067; 0.01229;  3.78286; 0.02761;  0.02761; 0.00008 ;  11372.808321 ; 57.206467 ;
 2; 15; 12; 8192; 0.00011; 0.00698; 0.00059; 0.01073;  3.78510; 0.02719;  0.02719; 0.00009 ;  11326.880811 ; 57.227807 ;
 3; 15; 12; 8192; 0.00013; 0.00677; 0.00067; 0.01227;  3.80014; 0.02733;  0.02733; 0.00007 ;  11229.742143 ; 57.457792 ;
 4; 15; 12; 8192; 0.00011; 0.00596; 0.00059; 0.01071;  3.80156; 0.02748;  0.02748; 0.00008 ;  11199.919754 ; 57.478691 ;






