run,iterations,city,ants,Initialize Datastructures and Skeletons,Read Data and Copy to Device,Calculate Distance,Calculate Iroulette,Average of Route Kernel,Average of update delta phero,Average of  minKernel,Average of  update phero and best_route,total time,
1,15,1,1024,0.00207,0.00224,0.00008,0.00101,0.00356,0.00019,0.00004,0.00005,0.19288, 
2,15,1,1024,0.00169,0.00034,0.00007,0.00101,0.00356,0.00019,0.00004,0.00004,0.21706, 
3,15,1,1024,0.00190,0.00033,0.00006,0.00101,0.00356,0.00019,0.00004,0.00004,0.18550, 
4,15,1,1024,0.00189,0.00032,0.00005,0.00102,0.00356,0.00019,0.00004,0.00004,0.17745, 
5,15,1,1024,0.00154,0.00033,0.00005,0.00101,0.00356,0.00019,0.00004,0.00004,0.18340, 
6,15,1,1024,0.00190,0.00033,0.00005,0.00101,0.00356,0.00019,0.00004,0.00004,0.18219, 
7,15,1,1024,0.00288,0.00034,0.00005,0.00101,0.00362,0.00019,0.00004,0.00005,0.24066, 
8,15,1,1024,0.00186,0.00032,0.00005,0.00101,0.00357,0.00019,0.00004,0.00004,0.19279, 
9,15,1,1024,0.00192,0.00032,0.00005,0.00101,0.00356,0.00019,0.00004,0.00005,0.17914, 
10,15,1,1024,0.00170,0.00032,0.00005,0.00101,0.00349,0.00019,0.00004,0.00004,0.18372, 
11,15,1,1024,0.00188,0.00033,0.00005,0.00101,0.00356,0.00019,0.00004,0.00004,0.18169, 
12,15,1,1024,0.00192,0.00032,0.00005,0.00101,0.00356,0.00019,0.00004,0.00005,0.17682, 
13,15,1,1024,0.00194,0.00033,0.00005,0.00102,0.00356,0.00019,0.00004,0.00005,0.19939, 
14,15,1,1024,0.00163,0.00032,0.00005,0.00101,0.00357,0.00019,0.00004,0.00004,0.18374, 
15,15,1,1024,0.00188,0.00032,0.00005,0.00101,0.00357,0.00019,0.00004,0.00004,0.18183, 
16,15,1,1024,0.00193,0.00032,0.00005,0.00101,0.00356,0.00019,0.00004,0.00005,0.17707, 
17,15,1,1024,0.00188,0.00032,0.00005,0.00101,0.00355,0.00019,0.00004,0.00004,0.17782, 
18,15,1,1024,0.00180,0.00031,0.00005,0.00101,0.00356,0.00019,0.00004,0.00004,0.18717, 
19,15,1,1024,0.00186,0.00029,0.00005,0.00101,0.00356,0.00019,0.00004,0.00005,0.22584, 
20,15,1,1024,0.00193,0.00032,0.00005,0.00101,0.00356,0.00019,0.00004,0.00004,0.17643, 
21,15,1,1024,0.00168,0.00033,0.00005,0.00101,0.00357,0.00019,0.00004,0.00004,0.18271, 
22,15,1,1024,0.00198,0.00033,0.00005,0.00101,0.00356,0.00019,0.00004,0.00004,0.17907, 
23,15,1,1024,0.00171,0.00033,0.00005,0.00101,0.00356,0.00019,0.00004,0.00004,0.18340, 
24,15,1,1024,0.00351,0.00035,0.00005,0.00101,0.00357,0.00019,0.00004,0.00005,0.22483, 
25,15,1,1024,0.00201,0.00034,0.00005,0.00103,0.00356,0.00019,0.00004,0.00004,0.22132, 
26,15,1,1024,0.00189,0.00033,0.00005,0.00101,0.00357,0.00019,0.00004,0.00004,0.17856, 
27,15,1,1024,0.00190,0.00032,0.00005,0.00101,0.00357,0.00019,0.00004,0.00004,0.18230, 
28,15,1,1024,0.00190,0.00033,0.00005,0.00101,0.00357,0.00019,0.00004,0.00004,0.18126, 
29,15,1,1024,0.00194,0.00033,0.00005,0.00101,0.00356,0.00019,0.00004,0.00005,0.17679, 
30,15,1,1024,0.00178,0.00032,0.00005,0.00101,0.00357,0.00019,0.00004,0.00005,0.23662, 
1,15,1,2048,0.00211,0.00032,0.00005,0.00102,0.00374,0.00019,0.00004,0.00005,0.18854, 
2,15,1,2048,0.00185,0.00032,0.00005,0.00102,0.00374,0.00019,0.00004,0.00004,0.18502, 
3,15,1,2048,0.00192,0.00033,0.00005,0.00101,0.00374,0.00019,0.00004,0.00004,0.18547, 
4,15,1,2048,0.00214,0.00032,0.00005,0.00100,0.00369,0.00019,0.00004,0.00004,0.18696, 
5,15,1,2048,0.00213,0.00033,0.00005,0.00100,0.00370,0.00019,0.00004,0.00004,0.17940, 
6,15,1,2048,0.00214,0.00033,0.00005,0.00100,0.00370,0.00019,0.00004,0.00005,0.19173, 
7,15,1,2048,0.00178,0.00032,0.00005,0.00100,0.00369,0.00019,0.00004,0.00005,0.18609, 
8,15,1,2048,0.00183,0.00032,0.00005,0.00099,0.00365,0.00019,0.00004,0.00004,0.18323, 
9,15,1,2048,0.00193,0.00032,0.00005,0.00099,0.00359,0.00019,0.00004,0.00004,0.17840, 
10,15,1,2048,0.00212,0.00033,0.00005,0.00099,0.00365,0.00019,0.00004,0.00004,0.18654, 
11,15,1,2048,0.00203,0.00029,0.00004,0.00099,0.00365,0.00019,0.00004,0.00004,0.18729, 
12,15,1,2048,0.00211,0.00034,0.00005,0.00100,0.00365,0.00019,0.00004,0.00005,0.22527, 
13,15,1,2048,0.00175,0.00032,0.00005,0.00099,0.00365,0.00019,0.00004,0.00004,0.17958, 
14,15,1,2048,0.00213,0.00034,0.00005,0.00099,0.00365,0.00019,0.00004,0.00004,0.18223, 
15,15,1,2048,0.00218,0.00033,0.00005,0.00100,0.00365,0.00019,0.00004,0.00006,0.17707, 
16,15,1,2048,0.00191,0.00033,0.00005,0.00101,0.00374,0.00019,0.00004,0.00004,0.18670, 
17,15,1,2048,0.00254,0.00033,0.00005,0.00101,0.00374,0.00019,0.00004,0.00005,0.24414, 
18,15,1,2048,0.00211,0.00031,0.00005,0.00101,0.00373,0.00019,0.00004,0.00005,0.21718, 
19,15,1,2048,0.00177,0.00032,0.00005,0.00101,0.00373,0.00019,0.00004,0.00005,0.18739, 
20,15,1,2048,0.00213,0.00032,0.00005,0.00101,0.00374,0.00019,0.00004,0.00005,0.18541, 
21,15,1,2048,0.00214,0.00032,0.00005,0.00101,0.00374,0.00019,0.00004,0.00005,0.18548, 
22,15,1,2048,0.00194,0.00033,0.00005,0.00101,0.00373,0.00019,0.00004,0.00005,0.18206, 
23,15,1,2048,0.00186,0.00032,0.00005,0.00101,0.00373,0.00019,0.00004,0.00005,0.19873, 
24,15,1,2048,0.00195,0.00031,0.00005,0.00101,0.00373,0.00019,0.00004,0.00005,0.18137, 
25,15,1,2048,0.00214,0.00034,0.00005,0.00101,0.00374,0.00019,0.00004,0.00004,0.18580, 
26,15,1,2048,0.00192,0.00032,0.00005,0.00101,0.00373,0.00019,0.00004,0.00004,0.17955, 
27,15,1,2048,0.00194,0.00033,0.00005,0.00101,0.00373,0.00019,0.00004,0.00005,0.18403, 
28,15,1,2048,0.00214,0.00032,0.00005,0.00102,0.00374,0.00019,0.00004,0.00005,0.18762, 
29,15,1,2048,0.00222,0.00030,0.00005,0.00101,0.00375,0.00019,0.00004,0.00005,0.21848, 
30,15,1,2048,0.00210,0.00032,0.00005,0.00101,0.00373,0.00019,0.00004,0.00004,0.18568, 
1,15,1,4096,0.00255,0.00033,0.00005,0.00101,0.00413,0.00019,0.00004,0.00005,0.19375, 
2,15,1,4096,0.00260,0.00032,0.00005,0.00095,0.00388,0.00018,0.00004,0.00004,0.18273, 
3,15,1,4096,0.00221,0.00032,0.00005,0.00095,0.00388,0.00018,0.00003,0.00004,0.18580, 
4,15,1,4096,0.00269,0.00032,0.00005,0.00095,0.00389,0.00018,0.00004,0.00004,0.24347, 
5,15,1,4096,0.00261,0.00032,0.00005,0.00095,0.00389,0.00018,0.00004,0.00004,0.18647, 
6,15,1,4096,0.00260,0.00033,0.00005,0.00095,0.00389,0.00018,0.00004,0.00004,0.18275, 
7,15,1,4096,0.00224,0.00033,0.00005,0.00095,0.00388,0.00018,0.00004,0.00004,0.18545, 
8,15,1,4096,0.00244,0.00032,0.00005,0.00095,0.00388,0.00018,0.00004,0.00004,0.18783, 
9,15,1,4096,0.00256,0.00033,0.00005,0.00095,0.00389,0.00018,0.00004,0.00004,0.18662, 
10,15,1,4096,0.00270,0.00035,0.00005,0.00095,0.00389,0.00018,0.00004,0.00004,0.19762, 
11,15,1,4096,0.00263,0.00032,0.00005,0.00095,0.00388,0.00018,0.00004,0.00004,0.18426, 
12,15,1,4096,0.00261,0.00033,0.00005,0.00095,0.00388,0.00018,0.00004,0.00004,0.18898, 
13,15,1,4096,0.00260,0.00033,0.00005,0.00095,0.00389,0.00018,0.00004,0.00004,0.18689, 
14,15,1,4096,0.00226,0.00033,0.00005,0.00093,0.00381,0.00018,0.00004,0.00004,0.18884, 
15,15,1,4096,0.00227,0.00033,0.00005,0.00093,0.00539,0.00018,0.00004,0.00004,0.22608, 
16,15,1,4096,0.00246,0.00030,0.00004,0.00093,0.00380,0.00018,0.00004,0.00005,0.22547, 
17,15,1,4096,0.00229,0.00032,0.00005,0.00093,0.00381,0.00018,0.00004,0.00004,0.18393, 
18,15,1,4096,0.00259,0.00033,0.00007,0.00093,0.00381,0.00018,0.00004,0.00004,0.18533, 
19,15,1,4096,0.00240,0.00032,0.00005,0.00095,0.00407,0.00019,0.00004,0.00004,0.18591, 
20,15,1,4096,0.00263,0.00033,0.00005,0.00101,0.00412,0.00019,0.00004,0.00005,0.18812, 
21,15,1,4096,0.00244,0.00032,0.00005,0.00101,0.00413,0.00019,0.00004,0.00004,0.24403, 
22,15,1,4096,0.00227,0.00031,0.00005,0.00101,0.00413,0.00019,0.00004,0.00004,0.19000, 
23,15,1,4096,0.00260,0.00033,0.00005,0.00101,0.00412,0.00019,0.00004,0.00004,0.19413, 
24,15,1,4096,0.00264,0.00030,0.00005,0.00096,0.00392,0.00018,0.00004,0.00004,0.19028, 
25,15,1,4096,0.00240,0.00033,0.00005,0.00096,0.00391,0.00018,0.00004,0.00004,0.18967, 
26,15,1,4096,0.00271,0.00035,0.00005,0.00097,0.00392,0.00018,0.00004,0.00004,0.18800, 
27,15,1,4096,0.00261,0.00034,0.00005,0.00096,0.00390,0.00018,0.00004,0.00004,0.20284, 
28,15,1,4096,0.00258,0.00033,0.00005,0.00096,0.00391,0.00018,0.00004,0.00004,0.18410, 
29,15,1,4096,0.00262,0.00032,0.00005,0.00096,0.00392,0.00018,0.00004,0.00004,0.18276, 
30,15,1,4096,0.00240,0.00033,0.00007,0.00096,0.00391,0.00018,0.00004,0.00004,0.18943, 
1,15,1,8192,0.00502,0.00033,0.00005,0.00096,0.00498,0.00021,0.00004,0.00005,0.20767, 
2,15,1,8192,0.00519,0.00032,0.00004,0.00079,0.00414,0.00018,0.00004,0.00004,0.25071, 
3,15,1,8192,0.00501,0.00031,0.00005,0.00078,0.00410,0.00017,0.00004,0.00004,0.19381, 
4,15,1,8192,0.00466,0.00033,0.00006,0.00078,0.00409,0.00017,0.00004,0.00004,0.19141, 
5,15,1,8192,0.00497,0.00032,0.00004,0.00078,0.00406,0.00017,0.00004,0.00004,0.18664, 
6,15,1,8192,0.00476,0.00033,0.00005,0.00078,0.00408,0.00017,0.00004,0.00004,0.19147, 
7,15,1,8192,0.00496,0.00032,0.00005,0.00076,0.00395,0.00017,0.00004,0.00004,0.18532, 
8,15,1,8192,0.00515,0.00031,0.00004,0.00077,0.00395,0.00017,0.00004,0.00004,0.22528, 
9,15,1,8192,0.00501,0.00033,0.00004,0.00076,0.00395,0.00017,0.00004,0.00004,0.18944, 
10,15,1,8192,0.00465,0.00033,0.00005,0.00076,0.00395,0.00017,0.00004,0.00004,0.19120, 
11,15,1,8192,0.00498,0.00033,0.00005,0.00101,0.00525,0.00022,0.00004,0.00004,0.21821, 
12,15,1,8192,0.00500,0.00032,0.00005,0.00101,0.00526,0.00022,0.00004,0.00005,0.21373, 
13,15,1,8192,0.00498,0.00033,0.00005,0.00101,0.00526,0.00022,0.00004,0.00004,0.22363, 
14,15,1,8192,0.00506,0.00032,0.00005,0.00081,0.00424,0.00018,0.00004,0.00004,0.25451, 
15,15,1,8192,0.00500,0.00033,0.00006,0.00081,0.00426,0.00018,0.00004,0.00004,0.19327, 
16,15,1,8192,0.00500,0.00033,0.00005,0.00080,0.00415,0.00018,0.00004,0.00004,0.18684, 
17,15,1,8192,0.00500,0.00033,0.00005,0.00080,0.00417,0.00018,0.00004,0.00004,0.19618, 
18,15,1,8192,0.00504,0.00032,0.00004,0.00080,0.00417,0.00018,0.00004,0.00004,0.23913, 
19,15,1,8192,0.00470,0.00032,0.00004,0.00080,0.00417,0.00018,0.00004,0.00004,0.19102, 
20,15,1,8192,0.00503,0.00033,0.00005,0.00078,0.00410,0.00018,0.00004,0.00004,0.19213, 
21,15,1,8192,0.00497,0.00032,0.00007,0.00078,0.00410,0.00018,0.00004,0.00004,0.19585, 
22,15,1,8192,0.00500,0.00032,0.00005,0.00078,0.00409,0.00017,0.00004,0.00004,0.18721, 
23,15,1,8192,0.00607,0.00033,0.00005,0.00078,0.00558,0.00018,0.00004,0.00004,0.21914, 
24,15,1,8192,0.00491,0.00034,0.00005,0.00078,0.00408,0.00018,0.00004,0.00004,0.20172, 
25,15,1,8192,0.00499,0.00033,0.00004,0.00076,0.00395,0.00017,0.00004,0.00004,0.18797, 
26,15,1,8192,0.00499,0.00033,0.00004,0.00076,0.00396,0.00017,0.00004,0.00004,0.18550, 
27,15,1,8192,0.00497,0.00033,0.00004,0.00076,0.00396,0.00017,0.00004,0.00004,0.19207, 
28,15,1,8192,0.00501,0.00035,0.00005,0.00076,0.00396,0.00017,0.00004,0.00004,0.19204, 
29,15,1,8192,0.00532,0.00033,0.00005,0.00076,0.00395,0.00017,0.00004,0.00004,0.24524, 
30,15,1,8192,0.00481,0.00032,0.00004,0.00085,0.00443,0.00019,0.00004,0.00004,0.19954, 
1,15,3,1024,0.00454,0.01741,0.00006,0.01200,0.04208,0.00089,0.00003,0.00016,0.81258, 
2,15,3,1024,0.00457,0.00128,0.00005,0.01106,0.04105,0.00087,0.00003,0.00016,0.77460, 
3,15,3,1024,0.00422,0.00142,0.00005,0.01106,0.04105,0.00087,0.00003,0.00016,0.78018, 
4,15,3,1024,0.00464,0.00132,0.00007,0.01106,0.04101,0.00087,0.00003,0.00016,0.77917, 
5,15,3,1024,0.00424,0.00132,0.00006,0.01105,0.04098,0.00087,0.00003,0.00016,0.77512, 
6,15,3,1024,0.00458,0.00129,0.00007,0.01105,0.04106,0.00087,0.00003,0.00016,0.77914, 
7,15,3,1024,0.00449,0.00128,0.00005,0.01106,0.04114,0.00087,0.00003,0.00016,0.78332, 
8,15,3,1024,0.00471,0.00130,0.00006,0.01105,0.04112,0.00087,0.00003,0.00016,0.77886, 
9,15,3,1024,0.00478,0.00131,0.00005,0.01106,0.04117,0.00087,0.00003,0.00016,0.78771, 
10,15,3,1024,0.00459,0.00129,0.00005,0.01106,0.04108,0.00087,0.00003,0.00016,0.77354, 
11,15,3,1024,0.00464,0.00129,0.00005,0.01106,0.04111,0.00087,0.00003,0.00016,0.81686, 
12,15,3,1024,0.00459,0.00128,0.00004,0.01106,0.04111,0.00087,0.00003,0.00016,0.78032, 
13,15,3,1024,0.00447,0.00134,0.00006,0.01106,0.04115,0.00087,0.00003,0.00016,0.81485, 
14,15,3,1024,0.00456,0.00128,0.00004,0.01105,0.04102,0.00087,0.00003,0.00016,0.77556, 
15,15,3,1024,0.00449,0.00127,0.00005,0.01105,0.04108,0.00087,0.00003,0.00016,0.85744, 
16,15,3,1024,0.00459,0.00128,0.00004,0.01107,0.04109,0.00087,0.00003,0.00016,0.77756, 
17,15,3,1024,0.00492,0.00129,0.00004,0.01106,0.04106,0.00087,0.00003,0.00016,0.85292, 
18,15,3,1024,0.00459,0.00129,0.00005,0.01107,0.04120,0.00087,0.00003,0.00016,0.77801, 
19,15,3,1024,0.00476,0.00131,0.00004,0.01106,0.04112,0.00087,0.00003,0.00016,0.85706, 
20,15,3,1024,0.00426,0.00129,0.00004,0.01106,0.04116,0.00087,0.00003,0.00016,0.78288, 
21,15,3,1024,0.00453,0.00129,0.00004,0.01108,0.04121,0.00087,0.00003,0.00016,0.83309, 
22,15,3,1024,0.00466,0.00129,0.00004,0.01117,0.04143,0.00088,0.00003,0.00016,0.78895, 
23,15,3,1024,0.00436,0.00134,0.00004,0.01116,0.04146,0.00088,0.00003,0.00016,0.79093, 
24,15,3,1024,0.00458,0.00130,0.00005,0.01115,0.04149,0.00088,0.00003,0.00016,0.78314, 
25,15,3,1024,0.00471,0.00133,0.00005,0.01117,0.04290,0.00088,0.00003,0.00016,0.82380, 
26,15,3,1024,0.00459,0.00128,0.00005,0.01116,0.04147,0.00088,0.00003,0.00016,0.78926, 
27,15,3,1024,0.00428,0.00127,0.00007,0.01117,0.04149,0.00088,0.00003,0.00016,0.82029, 
28,15,3,1024,0.00457,0.00128,0.00005,0.01115,0.04151,0.00088,0.00003,0.00016,0.78790, 
29,15,3,1024,0.00437,0.00124,0.00004,0.01116,0.04146,0.00088,0.00003,0.00016,0.79240, 
30,15,3,1024,0.00458,0.00128,0.00005,0.01117,0.04149,0.00088,0.00003,0.00016,0.79063, 
1,15,3,2048,0.00717,0.00129,0.00005,0.01118,0.04166,0.00088,0.00004,0.00016,0.79589, 
2,15,3,2048,0.00723,0.00129,0.00004,0.01119,0.04170,0.00088,0.00004,0.00016,0.79542, 
3,15,3,2048,0.00755,0.00130,0.00005,0.01117,0.04162,0.00088,0.00004,0.00016,0.79354, 
4,15,3,2048,0.00761,0.00129,0.00006,0.01118,0.04160,0.00088,0.00004,0.00016,0.82632, 
5,15,3,2048,0.00720,0.00129,0.00004,0.01118,0.04160,0.00088,0.00004,0.00016,0.79583, 
6,15,3,2048,0.00760,0.00127,0.00004,0.01118,0.04160,0.00088,0.00004,0.00016,0.78836, 
7,15,3,2048,0.00727,0.00131,0.00005,0.01117,0.04156,0.00088,0.00004,0.00016,0.78747, 
8,15,3,2048,0.00753,0.00129,0.00004,0.01118,0.04159,0.00088,0.00004,0.00016,0.78911, 
9,15,3,2048,0.00742,0.00130,0.00004,0.01117,0.04162,0.00088,0.00004,0.00016,0.78710, 
10,15,3,2048,0.00723,0.00134,0.00004,0.01117,0.04160,0.00088,0.00004,0.00016,0.83174, 
11,15,3,2048,0.00759,0.00130,0.00005,0.01118,0.04153,0.00088,0.00004,0.00016,0.79403, 
12,15,3,2048,0.00762,0.00136,0.00005,0.01118,0.04160,0.00088,0.00004,0.00016,0.83801, 
13,15,3,2048,0.00766,0.00135,0.00005,0.01118,0.04155,0.00088,0.00004,0.00016,0.79654, 
14,15,3,2048,0.00803,0.00130,0.00004,0.01118,0.04164,0.00088,0.00004,0.00016,0.83284, 
15,15,3,2048,0.00751,0.00129,0.00005,0.01118,0.04160,0.00088,0.00004,0.00016,0.78889, 
16,15,3,2048,0.00769,0.00133,0.00005,0.01118,0.04337,0.00088,0.00004,0.00016,0.83035, 
17,15,3,2048,0.00754,0.00131,0.00005,0.01118,0.04158,0.00088,0.00004,0.00016,0.78883, 
18,15,3,2048,0.00750,0.00131,0.00006,0.01118,0.04160,0.00088,0.00004,0.00016,0.79701, 
19,15,3,2048,0.00752,0.00129,0.00005,0.01118,0.04167,0.00088,0.00004,0.00016,0.79097, 
20,15,3,2048,0.00742,0.00133,0.00004,0.01118,0.04167,0.00088,0.00004,0.00016,0.83831, 
21,15,3,2048,0.00755,0.00129,0.00005,0.01118,0.04168,0.00088,0.00004,0.00016,0.79584, 
22,15,3,2048,0.00770,0.00134,0.00005,0.01119,0.04307,0.00088,0.00004,0.00016,0.82496, 
23,15,3,2048,0.00752,0.00131,0.00005,0.01118,0.04181,0.00088,0.00004,0.00016,0.79356, 
24,15,3,2048,0.00760,0.00130,0.00006,0.01128,0.04199,0.00088,0.00004,0.00016,0.83863, 
25,15,3,2048,0.00755,0.00128,0.00005,0.01127,0.04192,0.00088,0.00004,0.00016,0.80002, 
26,15,3,2048,0.00752,0.00129,0.00004,0.01128,0.04359,0.00088,0.00004,0.00016,0.83506, 
27,15,3,2048,0.00776,0.00133,0.00005,0.01530,0.04479,0.00094,0.00004,0.00017,0.85727, 
28,15,3,2048,0.00741,0.00131,0.00005,0.01127,0.04189,0.00088,0.00004,0.00016,0.79390, 
29,15,3,2048,0.00757,0.00130,0.00005,0.01128,0.04195,0.00088,0.00004,0.00016,0.79815, 
30,15,3,2048,0.00706,0.00130,0.00005,0.01128,0.04193,0.00088,0.00004,0.00016,0.79677, 
1,15,3,4096,0.01187,0.00129,0.00005,0.01126,0.05101,0.00090,0.00004,0.00016,0.93722, 
2,15,3,4096,0.01173,0.00134,0.00004,0.01127,0.05098,0.00090,0.00004,0.00016,0.94561, 
3,15,3,4096,0.01146,0.00131,0.00005,0.01126,0.05085,0.00090,0.00004,0.00016,0.93534, 
4,15,3,4096,0.01243,0.00132,0.00004,0.01126,0.05091,0.00090,0.00004,0.00016,0.94012, 
5,15,3,4096,0.01181,0.00136,0.00005,0.01126,0.05100,0.00090,0.00004,0.00016,0.93587, 
6,15,3,4096,0.01222,0.00133,0.00005,0.01126,0.05097,0.00090,0.00004,0.00016,0.97319, 
7,15,3,4096,0.01184,0.00131,0.00005,0.01126,0.05097,0.00090,0.00004,0.00016,0.94141, 
8,15,3,4096,0.01176,0.00134,0.00005,0.01127,0.05092,0.00090,0.00004,0.00016,0.97521, 
9,15,3,4096,0.01150,0.00130,0.00005,0.01126,0.05081,0.00090,0.00004,0.00016,0.93834, 
10,15,3,4096,0.01184,0.00130,0.00005,0.01126,0.05095,0.00090,0.00004,0.00016,0.93561, 
11,15,3,4096,0.01181,0.00132,0.00005,0.01126,0.05092,0.00090,0.00004,0.00016,0.94168, 
12,15,3,4096,0.01140,0.00132,0.00005,0.01126,0.05091,0.00090,0.00004,0.00016,0.93234, 
13,15,3,4096,0.01189,0.00139,0.00005,0.01126,0.05086,0.00090,0.00004,0.00016,0.93277, 
14,15,3,4096,0.01142,0.00134,0.00006,0.01127,0.05089,0.00090,0.00004,0.00016,0.93605, 
15,15,3,4096,0.01221,0.00134,0.00005,0.01127,0.05267,0.00090,0.00004,0.00016,1.00262, 
16,15,3,4096,0.01179,0.00132,0.00005,0.01126,0.05089,0.00090,0.00004,0.00016,0.93881, 
17,15,3,4096,0.01159,0.00137,0.00004,0.01126,0.05092,0.00090,0.00004,0.00016,0.97555, 
18,15,3,4096,0.01183,0.00133,0.00005,0.01126,0.05087,0.00090,0.00004,0.00016,0.93367, 
19,15,3,4096,0.01183,0.00132,0.00005,0.01127,0.05086,0.00090,0.00004,0.00016,0.94100, 
20,15,3,4096,0.01148,0.00131,0.00005,0.01127,0.05102,0.00091,0.00004,0.00016,0.93602, 
21,15,3,4096,0.01139,0.00131,0.00005,0.01128,0.05096,0.00090,0.00004,0.00016,0.93819, 
22,15,3,4096,0.03877,0.00146,0.00005,0.01128,0.05084,0.00090,0.00004,0.00016,0.96732, 
23,15,3,4096,0.01175,0.00131,0.00006,0.01128,0.05092,0.00090,0.00004,0.00016,0.94154, 
24,15,3,4096,0.01176,0.00135,0.00005,0.01127,0.05102,0.00090,0.00004,0.00016,0.97926, 
25,15,3,4096,0.01177,0.00132,0.00005,0.01127,0.05092,0.00090,0.00004,0.00016,0.93697, 
26,15,3,4096,0.01227,0.00131,0.00004,0.01128,0.05090,0.00090,0.00004,0.00016,0.97752, 
27,15,3,4096,0.01184,0.00131,0.00005,0.01128,0.05086,0.00090,0.00004,0.00016,0.94064, 
28,15,3,4096,0.01193,0.00130,0.00005,0.01127,0.05095,0.00091,0.00004,0.00016,0.94303, 
29,15,3,4096,0.01184,0.00134,0.00004,0.01127,0.05097,0.00090,0.00004,0.00016,0.93896, 
30,15,3,4096,0.01184,0.00130,0.00005,0.01127,0.05091,0.00090,0.00004,0.00016,0.93779, 
1,15,3,8192,0.02115,0.00144,0.00005,0.01128,0.10431,0.00097,0.00005,0.00016,1.76658, 
2,15,3,8192,0.02224,0.00141,0.00005,0.01128,0.10348,0.00097,0.00004,0.00016,1.77228, 
3,15,3,8192,0.02101,0.00150,0.00005,0.01128,0.10428,0.00097,0.00004,0.00016,1.74830, 
4,15,3,8192,0.02064,0.00142,0.00005,0.01129,0.10347,0.00097,0.00004,0.00016,1.74294, 
5,15,3,8192,0.02085,0.00141,0.00006,0.01128,0.10338,0.00097,0.00004,0.00016,1.73357, 
6,15,3,8192,0.02080,0.00139,0.00005,0.01130,0.10343,0.00097,0.00004,0.00016,1.73795, 
7,15,3,8192,0.02046,0.00141,0.00005,0.01129,0.10342,0.00097,0.00004,0.00016,1.73527, 
8,15,3,8192,0.02078,0.00140,0.00005,0.01129,0.10407,0.00098,0.00004,0.00016,1.74972, 
9,15,3,8192,0.02088,0.00140,0.00006,0.01137,0.10411,0.00098,0.00004,0.00016,1.75207, 
10,15,3,8192,0.02082,0.00140,0.00005,0.01137,0.10411,0.00098,0.00004,0.00016,1.75182, 
11,15,3,8192,0.02076,0.00140,0.00005,0.01137,0.10410,0.00098,0.00004,0.00016,1.75196, 
12,15,3,8192,0.02079,0.00138,0.00005,0.01137,0.10421,0.00098,0.00004,0.00016,1.75628, 
13,15,3,8192,0.02041,0.00139,0.00005,0.01138,0.10417,0.00098,0.00004,0.00016,1.74985, 
14,15,3,8192,0.02128,0.00142,0.00005,0.01529,0.10763,0.00100,0.00004,0.00017,1.85615, 
15,15,3,8192,0.02104,0.00141,0.00007,0.01137,0.10426,0.00098,0.00004,0.00016,1.74851, 
16,15,3,8192,0.02085,0.00139,0.00005,0.01137,0.10419,0.00098,0.00004,0.00016,1.75305, 
17,15,3,8192,0.02050,0.00140,0.00005,0.01138,0.10425,0.00098,0.00004,0.00016,1.75025, 
18,15,3,8192,0.02049,0.00140,0.00005,0.01137,0.10424,0.00098,0.00004,0.00016,1.75079, 
19,15,3,8192,0.02092,0.00137,0.00005,0.01137,0.10420,0.00098,0.00004,0.00016,1.74633, 
20,15,3,8192,0.02189,0.00138,0.00005,0.01137,0.10423,0.00098,0.00005,0.00016,1.79155, 
21,15,3,8192,0.02095,0.00139,0.00005,0.01137,0.10419,0.00098,0.00004,0.00016,1.75164, 
22,15,3,8192,0.02090,0.00140,0.00005,0.01137,0.10413,0.00098,0.00004,0.00016,1.76465, 
23,15,3,8192,0.02048,0.00142,0.00005,0.01137,0.10418,0.00098,0.00004,0.00016,1.77617, 
24,15,3,8192,0.02085,0.00140,0.00005,0.01137,0.10422,0.00098,0.00004,0.00016,1.75224, 
25,15,3,8192,0.02188,0.00139,0.00005,0.01138,0.10422,0.00098,0.00005,0.00016,1.79011, 
26,15,3,8192,0.04410,0.00153,0.00005,0.01137,0.10423,0.00098,0.00005,0.00016,1.79113, 
27,15,3,8192,0.02163,0.00142,0.00006,0.01139,0.10423,0.00098,0.00005,0.00016,1.78928, 
28,15,3,8192,0.02164,0.00147,0.00006,0.01139,0.10414,0.00098,0.00005,0.00016,1.78916, 
29,15,3,8192,0.02187,0.00150,0.00005,0.01137,0.10413,0.00098,0.00005,0.00016,1.78478, 
30,15,3,8192,0.02144,0.00144,0.00005,0.01138,0.10430,0.00098,0.00005,0.00016,1.79951, 
1,15,5,1024,0.00504,0.01784,0.00005,0.01180,0.04476,0.00086,0.00003,0.00016,0.89177, 
2,15,5,1024,0.00456,0.00132,0.00005,0.01178,0.04475,0.00086,0.00003,0.00016,0.83441, 
3,15,5,1024,0.00475,0.00137,0.00005,0.01178,0.04474,0.00086,0.00003,0.00016,0.83729, 
4,15,5,1024,0.00452,0.00133,0.00005,0.01179,0.04486,0.00086,0.00003,0.00016,0.83988, 
5,15,5,1024,0.00507,0.00143,0.00005,0.01178,0.04475,0.00086,0.00003,0.00016,0.88069, 
6,15,5,1024,0.00459,0.00133,0.00005,0.01178,0.04477,0.00086,0.00003,0.00016,0.83311, 
7,15,5,1024,0.00493,0.00135,0.00004,0.01180,0.04474,0.00086,0.00003,0.00016,0.87327, 
8,15,5,1024,0.00465,0.00132,0.00005,0.01178,0.04470,0.00086,0.00003,0.00016,0.83621, 
9,15,5,1024,0.00489,0.00136,0.00005,0.01178,0.04483,0.00086,0.00003,0.00016,0.87540, 
10,15,5,1024,0.00492,0.00134,0.00004,0.01179,0.04471,0.00086,0.00003,0.00016,0.83891, 
11,15,5,1024,0.00479,0.00137,0.00004,0.01179,0.04491,0.00086,0.00003,0.00016,0.84562, 
12,15,5,1024,0.00471,0.00133,0.00004,0.01179,0.04486,0.00086,0.00003,0.00016,0.83605, 
13,15,5,1024,0.00465,0.00136,0.00005,0.01178,0.04619,0.00086,0.00003,0.00016,0.86963, 
14,15,5,1024,0.00468,0.00136,0.00005,0.01178,0.04483,0.00086,0.00003,0.00016,0.83469, 
15,15,5,1024,0.00422,0.00132,0.00004,0.01178,0.04482,0.00086,0.00003,0.00016,0.83654, 
16,15,5,1024,0.00428,0.00132,0.00005,0.01178,0.04483,0.00086,0.00003,0.00016,0.83478, 
17,15,5,1024,0.00485,0.00139,0.00005,0.01179,0.04488,0.00086,0.00003,0.00017,0.87130, 
18,15,5,1024,0.00454,0.00132,0.00006,0.01177,0.04484,0.00086,0.00003,0.00016,0.83025, 
19,15,5,1024,0.00495,0.00136,0.00004,0.01178,0.04476,0.00086,0.00003,0.00016,0.84285, 
20,15,5,1024,0.00466,0.00132,0.00004,0.01178,0.04474,0.00086,0.00003,0.00016,0.83314, 
21,15,5,1024,0.00470,0.00134,0.00004,0.01178,0.04480,0.00086,0.00003,0.00016,0.83449, 
22,15,5,1024,0.00463,0.00133,0.00004,0.01176,0.04480,0.00086,0.00003,0.00016,0.83387, 
23,15,5,1024,0.00463,0.00135,0.00005,0.01177,0.04483,0.00086,0.00003,0.00016,0.83959, 
24,15,5,1024,0.00424,0.00131,0.00004,0.01178,0.04479,0.00086,0.00003,0.00016,0.83708, 
25,15,5,1024,0.00469,0.00132,0.00004,0.01177,0.04485,0.00086,0.00003,0.00016,0.83429, 
26,15,5,1024,0.00469,0.00139,0.00006,0.01178,0.04484,0.00086,0.00003,0.00016,0.84014, 
27,15,5,1024,0.00487,0.00137,0.00004,0.01177,0.04475,0.00086,0.00003,0.00016,0.87167, 
28,15,5,1024,0.00467,0.00134,0.00005,0.01177,0.04487,0.00086,0.00003,0.00016,0.83414, 
29,15,5,1024,0.00472,0.00132,0.00005,0.01177,0.04485,0.00086,0.00003,0.00016,0.83629, 
30,15,5,1024,0.00465,0.00134,0.00005,0.01178,0.04486,0.00086,0.00003,0.00016,0.83946, 
1,15,5,2048,0.00761,0.00137,0.00005,0.01178,0.04511,0.00087,0.00004,0.00016,0.86192, 
2,15,5,2048,0.00860,0.00144,0.00005,0.01478,0.04817,0.00091,0.00004,0.00017,0.94165, 
3,15,5,2048,0.03305,0.00142,0.00005,0.01178,0.04488,0.00087,0.00004,0.00016,0.86947, 
4,15,5,2048,0.00765,0.00133,0.00005,0.01178,0.04502,0.00086,0.00004,0.00016,0.84596, 
5,15,5,2048,0.01251,0.00144,0.00005,0.01178,0.04524,0.00087,0.00004,0.00016,0.88603, 
6,15,5,2048,0.00772,0.00138,0.00006,0.01178,0.04515,0.00087,0.00004,0.00016,0.84228, 
7,15,5,2048,0.00748,0.00137,0.00005,0.01179,0.04525,0.00087,0.00004,0.00016,0.88175, 
8,15,5,2048,0.00764,0.00134,0.00005,0.01178,0.04489,0.00087,0.00004,0.00016,0.84002, 
9,15,5,2048,0.00808,0.00137,0.00007,0.01179,0.04523,0.00087,0.00004,0.00016,0.88310, 
10,15,5,2048,0.00771,0.00134,0.00005,0.01178,0.04497,0.00087,0.00004,0.00016,0.84498, 
11,15,5,2048,0.00764,0.00137,0.00006,0.01178,0.04672,0.00087,0.00004,0.00016,0.91082, 
12,15,5,2048,0.00729,0.00135,0.00005,0.01178,0.04485,0.00087,0.00004,0.00016,0.84441, 
13,15,5,2048,0.00743,0.00134,0.00005,0.01178,0.04683,0.00087,0.00004,0.00016,0.90521, 
14,15,5,2048,0.00767,0.00132,0.00005,0.01177,0.04509,0.00086,0.00004,0.00016,0.84459, 
15,15,5,2048,0.00835,0.00138,0.00007,0.01178,0.04523,0.00087,0.00004,0.00016,0.88498, 
16,15,5,2048,0.00767,0.00134,0.00005,0.01177,0.04524,0.00087,0.00004,0.00016,0.85118, 
17,15,5,2048,0.00809,0.00137,0.00004,0.01178,0.04489,0.00087,0.00004,0.00016,0.91291, 
18,15,5,2048,0.00772,0.00134,0.00005,0.01178,0.04513,0.00087,0.00004,0.00016,0.84260, 
19,15,5,2048,0.00750,0.00134,0.00004,0.01178,0.04530,0.00087,0.00004,0.00016,0.84634, 
20,15,5,2048,0.00769,0.00133,0.00005,0.01178,0.04528,0.00087,0.00004,0.00016,0.84999, 
21,15,5,2048,0.00771,0.00135,0.00004,0.01178,0.04525,0.00087,0.00004,0.00016,0.85197, 
22,15,5,2048,0.00780,0.00133,0.00005,0.01178,0.04518,0.00087,0.00004,0.00016,0.84303, 
23,15,5,2048,0.00786,0.00134,0.00005,0.01177,0.04528,0.00086,0.00004,0.00016,0.85240, 
24,15,5,2048,0.00777,0.00133,0.00005,0.01178,0.04524,0.00086,0.00004,0.00016,0.84855, 
25,15,5,2048,0.00769,0.00134,0.00005,0.01177,0.04514,0.00086,0.00004,0.00016,0.84587, 
26,15,5,2048,0.00773,0.00136,0.00005,0.01178,0.04528,0.00087,0.00004,0.00016,0.84794, 
27,15,5,2048,0.00813,0.00142,0.00005,0.01178,0.04521,0.00087,0.00004,0.00016,0.84711, 
28,15,5,2048,0.00736,0.00133,0.00004,0.01178,0.04522,0.00087,0.00004,0.00016,0.84415, 
29,15,5,2048,0.00746,0.00133,0.00005,0.01178,0.04513,0.00087,0.00004,0.00016,0.85148, 
30,15,5,2048,0.00744,0.00133,0.00007,0.01178,0.04513,0.00087,0.00004,0.00016,0.85958, 
1,15,5,4096,0.01204,0.00133,0.00004,0.01177,0.05394,0.00089,0.00004,0.00017,0.98599, 
2,15,5,4096,0.01123,0.00137,0.00004,0.01178,0.05470,0.00088,0.00004,0.00017,0.99294, 
3,15,5,4096,0.01166,0.00136,0.00005,0.01177,0.05397,0.00088,0.00004,0.00016,1.00201, 
4,15,5,4096,0.01262,0.00142,0.00005,0.01178,0.05415,0.00089,0.00005,0.00017,1.03041, 
5,15,5,4096,0.01204,0.00137,0.00005,0.01178,0.05390,0.00089,0.00005,0.00017,0.98740, 
6,15,5,4096,0.01201,0.00137,0.00004,0.01178,0.05411,0.00088,0.00004,0.00016,0.98563, 
7,15,5,4096,0.01204,0.00136,0.00005,0.01178,0.05410,0.00089,0.00004,0.00017,0.98105, 
8,15,5,4096,0.01202,0.00137,0.00005,0.01178,0.05402,0.00089,0.00004,0.00017,0.98675, 
9,15,5,4096,0.01243,0.00142,0.00005,0.01177,0.05520,0.00089,0.00005,0.00017,1.01354, 
10,15,5,4096,0.01199,0.00137,0.00006,0.01178,0.05412,0.00088,0.00004,0.00017,0.98655, 
11,15,5,4096,0.01263,0.00149,0.00004,0.01177,0.05377,0.00089,0.00005,0.00017,1.01449, 
12,15,5,4096,0.01165,0.00136,0.00005,0.01177,0.05379,0.00088,0.00004,0.00016,0.97820, 
13,15,5,4096,0.01261,0.00138,0.00006,0.01177,0.05390,0.00088,0.00004,0.00016,0.99201, 
14,15,5,4096,0.01276,0.00138,0.00005,0.01177,0.05396,0.00089,0.00004,0.00017,1.00970, 
15,15,5,4096,0.01203,0.00135,0.00005,0.01178,0.05380,0.00089,0.00004,0.00016,0.98458, 
16,15,5,4096,0.01212,0.00149,0.00004,0.01178,0.05397,0.00089,0.00005,0.00017,1.02439, 
17,15,5,4096,0.01161,0.00138,0.00005,0.01178,0.05389,0.00089,0.00004,0.00017,0.98507, 
18,15,5,4096,0.01164,0.00136,0.00005,0.01177,0.05397,0.00088,0.00004,0.00016,0.98507, 
19,15,5,4096,0.01172,0.00141,0.00005,0.01177,0.05386,0.00088,0.00004,0.00017,0.98445, 
20,15,5,4096,0.01198,0.00135,0.00005,0.01178,0.05415,0.00089,0.00004,0.00017,0.98775, 
21,15,5,4096,0.01203,0.00140,0.00005,0.01177,0.05528,0.00089,0.00005,0.00017,1.01372, 
22,15,5,4096,0.01202,0.00137,0.00005,0.01178,0.05400,0.00088,0.00004,0.00016,0.98725, 
23,15,5,4096,0.01292,0.00140,0.00006,0.01179,0.05385,0.00089,0.00005,0.00017,1.02745, 
24,15,5,4096,0.01203,0.00134,0.00005,0.01178,0.05392,0.00089,0.00004,0.00017,0.97922, 
25,15,5,4096,0.01200,0.00138,0.00004,0.01177,0.05402,0.00089,0.00004,0.00016,0.98096, 
26,15,5,4096,0.01275,0.00138,0.00005,0.01177,0.05388,0.00089,0.00005,0.00017,1.01822, 
27,15,5,4096,0.01203,0.00139,0.00005,0.01178,0.05398,0.00089,0.00004,0.00017,0.98648, 
28,15,5,4096,0.01119,0.00140,0.00005,0.01584,0.05916,0.00094,0.00004,0.00018,1.07694, 
29,15,5,4096,0.01205,0.00150,0.00006,0.01178,0.05378,0.00089,0.00005,0.00017,1.02330, 
30,15,5,4096,0.01234,0.00142,0.00005,0.01177,0.05402,0.00089,0.00005,0.00017,1.05341, 
1,15,5,8192,0.02120,0.00146,0.00005,0.01179,0.10687,0.00096,0.00004,0.00017,1.78726, 
2,15,5,8192,0.02090,0.00153,0.00005,0.01180,0.10684,0.00096,0.00004,0.00017,1.79458, 
3,15,5,8192,0.02128,0.00145,0.00005,0.01180,0.10677,0.00096,0.00004,0.00017,1.79262, 
4,15,5,8192,0.02154,0.00149,0.00005,0.01179,0.10682,0.00096,0.00004,0.00017,1.79468, 
5,15,5,8192,0.02124,0.00143,0.00005,0.01180,0.10676,0.00096,0.00004,0.00017,1.79194, 
7,15,5,8192,0.02165,0.00155,0.00005,0.01179,0.10680,0.00096,0.00004,0.00017,1.83008, 
8,15,5,8192,0.02138,0.00151,0.00005,0.01179,0.10782,0.00096,0.00005,0.00017,1.85334, 
9,15,5,8192,0.04579,0.00154,0.00005,0.01179,0.10684,0.00096,0.00005,0.00017,1.83867, 
10,15,5,8192,0.02169,0.00158,0.00005,0.01180,0.10756,0.00096,0.00005,0.00017,1.85156, 
11,15,5,8192,0.02188,0.00149,0.00005,0.01180,0.10751,0.00096,0.00005,0.00017,1.83735, 
12,15,5,8192,0.02224,0.00149,0.00005,0.01180,0.10738,0.00096,0.00005,0.00017,1.83808, 
13,15,5,8192,0.02243,0.00149,0.00005,0.01181,0.10683,0.00096,0.00005,0.00017,1.85758, 
14,15,5,8192,0.02192,0.00152,0.00005,0.01180,0.10751,0.00096,0.00004,0.00017,1.83594, 
15,15,5,8192,0.02186,0.00155,0.00006,0.01180,0.10680,0.00096,0.00005,0.00017,1.84212, 
16,15,5,8192,0.02244,0.00149,0.00005,0.01180,0.10680,0.00096,0.00005,0.00017,1.85763, 
17,15,5,8192,0.02237,0.00152,0.00005,0.01180,0.10665,0.00096,0.00005,0.00017,1.82977, 
18,15,5,8192,0.02230,0.00162,0.00007,0.01180,0.10682,0.00096,0.00005,0.00017,1.83083, 
19,15,5,8192,0.02135,0.00152,0.00005,0.01181,0.10769,0.00096,0.00004,0.00017,1.81035, 
20,15,5,8192,0.02195,0.00159,0.00005,0.01181,0.10690,0.00096,0.00005,0.00017,1.83562, 
21,15,5,8192,0.02238,0.00155,0.00007,0.01181,0.10672,0.00096,0.00005,0.00017,1.83037, 
22,15,5,8192,0.02191,0.00151,0.00005,0.01181,0.10682,0.00096,0.00005,0.00017,1.83476, 
23,15,5,8192,0.02154,0.00145,0.00005,0.01180,0.10675,0.00096,0.00004,0.00017,1.78950, 
24,15,5,8192,0.04333,0.00157,0.00005,0.01180,0.10678,0.00096,0.00005,0.00017,1.82698, 
25,15,5,8192,0.04301,0.00153,0.00005,0.01180,0.10668,0.00096,0.00005,0.00017,1.83000, 
26,15,5,8192,0.02244,0.00152,0.00005,0.01181,0.10699,0.00096,0.00005,0.00017,1.85995, 
27,15,5,8192,0.02199,0.00159,0.00005,0.01180,0.10724,0.00097,0.00005,0.00017,1.83924, 
28,15,5,8192,0.02217,0.00154,0.00007,0.01188,0.10749,0.00097,0.00005,0.00017,1.84272, 
29,15,5,8192,0.02139,0.00144,0.00005,0.01188,0.10744,0.00097,0.00004,0.00017,1.80032, 
30,15,5,8192,0.02226,0.00154,0.00006,0.01189,0.10751,0.00097,0.00004,0.00017,1.82651, 
1,15,6,1024,0.06675,0.05324,0.00019,0.49461,3.14562,0.00711,0.00008,0.00521,48.28652, 
2,15,6,1024,0.06355,0.05011,0.00015,0.46614,3.13116,0.00707,0.00008,0.00518,47.97319, 
3,15,6,1024,0.06353,0.05006,0.00015,0.46625,3.11459,0.00706,0.00008,0.00518,47.72492, 
4,15,6,1024,0.06342,0.05054,0.00015,0.46563,3.12140,0.00706,0.00008,0.00518,47.82030, 
5,15,6,1024,0.06351,0.05038,0.00015,0.46577,3.11995,0.00707,0.00010,0.00518,47.81470, 
6,15,6,1024,0.06320,0.05039,0.00015,0.46613,3.12505,0.00706,0.00009,0.00518,47.87692, 
7,15,6,1024,0.06343,0.05100,0.00015,0.46602,3.14018,0.00706,0.00008,0.00518,48.11052, 
8,15,6,1024,0.06678,0.05338,0.00016,0.46616,3.13116,0.00706,0.00008,0.00518,48.04753, 
9,15,6,1024,0.06328,0.05082,0.00015,0.46605,3.11506,0.00706,0.00006,0.00517,47.72708, 
10,15,6,1024,0.06462,0.05017,0.00015,0.46616,3.11954,0.00706,0.00008,0.00518,47.83664, 
11,15,6,1024,0.06363,0.05168,0.00015,0.46598,3.13258,0.00706,0.00008,0.00518,47.99566, 
12,15,6,1024,0.06430,0.05045,0.00015,0.46635,3.12047,0.00706,0.00008,0.00518,47.84691, 
13,15,6,1024,0.06354,0.05055,0.00015,0.46600,3.12147,0.00706,0.00007,0.00517,47.82195, 
14,15,6,1024,0.06424,0.05047,0.00015,0.46583,3.12362,0.00707,0.00012,0.00518,47.93103, 
15,15,6,1024,0.06355,0.05137,0.00015,0.46531,3.13390,0.00706,0.00008,0.00518,48.01398, 
16,15,6,1024,0.06368,0.05042,0.00015,0.46541,3.13312,0.00708,0.00015,0.00518,48.00119, 
17,15,6,1024,0.06322,0.05232,0.00015,0.46509,3.12080,0.00706,0.00008,0.00518,47.81322, 
18,15,6,1024,0.06348,0.05004,0.00015,0.46519,3.13599,0.00706,0.00008,0.00518,48.03933, 
19,15,6,1024,0.06346,0.05036,0.00015,0.46528,3.12770,0.00706,0.00008,0.00518,47.91563, 
20,15,6,1024,0.06323,0.05053,0.00015,0.46641,3.12682,0.00706,0.00008,0.00518,47.90551, 
21,15,6,1024,0.06533,0.05837,0.00016,0.46513,3.11629,0.00707,0.00012,0.00519,47.75741, 
22,15,6,1024,0.06367,0.05011,0.00015,0.46541,3.12807,0.00706,0.00008,0.00518,47.92997, 
23,15,6,1024,0.06376,0.05337,0.00015,0.46514,3.13197,0.00706,0.00008,0.00518,47.99153, 
24,15,6,1024,0.08353,0.04983,0.00015,0.46535,3.11784,0.00706,0.00008,0.00518,47.82845, 
25,15,6,1024,0.09975,0.05350,0.00015,0.46500,3.12604,0.00706,0.00009,0.00518,47.97663, 
26,15,6,1024,0.06735,0.05099,0.00015,0.46498,3.12486,0.00706,0.00008,0.00518,47.94982, 
27,15,6,1024,0.06807,0.05079,0.00015,0.46521,3.13725,0.00706,0.00008,0.00518,48.13443, 
28,15,6,1024,0.06347,0.05058,0.00015,0.46624,3.13086,0.00706,0.00008,0.00518,47.99803, 
29,15,6,1024,0.06372,0.05056,0.00015,0.46632,3.12556,0.00706,0.00008,0.00518,47.88311, 
30,15,6,1024,0.06340,0.05002,0.00015,0.46521,3.11780,0.00706,0.00008,0.00518,47.77142, 
1,15,6,2048,0.07858,0.05013,0.00015,0.46622,3.38967,0.00714,0.00008,0.00519,51.86503, 
2,15,6,2048,0.07833,0.05074,0.00015,0.46495,3.39288,0.00713,0.00009,0.00518,51.91833, 
3,15,6,2048,0.07857,0.05120,0.00016,0.46509,3.38982,0.00715,0.00013,0.00519,51.87547, 
4,15,6,2048,0.07901,0.05015,0.00015,0.46501,3.39499,0.00714,0.00009,0.00519,51.94608, 
5,15,6,2048,0.09192,0.05027,0.00015,0.46505,3.38839,0.00714,0.00009,0.00518,51.85983, 
6,15,6,2048,0.09872,0.05352,0.00015,0.46501,3.39722,0.00715,0.00014,0.00518,52.01070, 
7,15,6,2048,0.10165,0.05353,0.00017,0.46494,3.39513,0.00713,0.00008,0.00518,52.03090, 
8,15,6,2048,0.07885,0.05083,0.00015,0.46522,3.39667,0.00713,0.00007,0.00518,52.01241, 
9,15,6,2048,0.07867,0.05055,0.00015,0.46496,3.38698,0.00714,0.00008,0.00518,51.83045, 
10,15,6,2048,0.07901,0.05424,0.00015,0.46505,3.38109,0.00713,0.00008,0.00518,51.74501, 
11,15,6,2048,0.07877,0.05067,0.00016,0.46511,3.38712,0.00715,0.00014,0.00518,51.83546, 
12,15,6,2048,0.07854,0.04990,0.00015,0.46496,3.38873,0.00713,0.00009,0.00519,51.85292, 
13,15,6,2048,0.07874,0.05110,0.00015,0.46502,3.38881,0.00713,0.00008,0.00518,51.85665, 
14,15,6,2048,0.08044,0.05138,0.00015,0.46502,3.38835,0.00713,0.00008,0.00518,51.85112, 
15,15,6,2048,0.07873,0.04998,0.00015,0.46495,3.39014,0.00713,0.00008,0.00518,51.87411, 
16,15,6,2048,0.07837,0.05000,0.00019,0.48962,3.39618,0.00714,0.00008,0.00518,51.99517, 
17,15,6,2048,0.07835,0.05000,0.00015,0.46501,3.40600,0.00714,0.00009,0.00518,52.14315, 
18,15,6,2048,0.07849,0.05244,0.00015,0.46506,3.37806,0.00713,0.00006,0.00518,51.69610, 
19,15,6,2048,0.07847,0.05050,0.00015,0.46514,3.38829,0.00714,0.00010,0.00518,51.85244, 
20,15,6,2048,0.07878,0.05044,0.00015,0.46506,3.38900,0.00714,0.00009,0.00518,51.86162, 
21,15,6,2048,0.07840,0.05020,0.00015,0.46491,3.38312,0.00714,0.00008,0.00519,51.76962, 
22,15,6,2048,0.07861,0.05213,0.00015,0.46504,3.39888,0.00714,0.00010,0.00518,52.00608, 
23,15,6,2048,0.07854,0.05015,0.00015,0.46503,3.39042,0.00714,0.00009,0.00518,51.87859, 
24,15,6,2048,0.07894,0.05019,0.00015,0.46498,3.39181,0.00714,0.00009,0.00518,51.89944, 
25,15,6,2048,0.08198,0.05153,0.00015,0.46501,3.38788,0.00715,0.00013,0.00519,51.88023, 
26,15,6,2048,0.11004,0.05433,0.00015,0.46504,3.38550,0.00713,0.00008,0.00518,51.85164, 
27,15,6,2048,0.10796,0.05164,0.00015,0.46495,3.39429,0.00713,0.00009,0.00519,52.02690, 
28,15,6,2048,0.07923,0.05029,0.00015,0.46508,3.39118,0.00714,0.00008,0.00518,51.92534, 
29,15,6,2048,0.07878,0.05105,0.00015,0.46512,3.38939,0.00713,0.00008,0.00518,51.86340, 
30,15,6,2048,0.07834,0.05111,0.00016,0.46494,3.39397,0.00714,0.00008,0.00518,51.93604, 
1,15,6,4096,0.11086,0.05158,0.00015,0.46461,6.05546,0.00723,0.00007,0.00522,91.89694, 
2,15,6,4096,0.14142,0.05320,0.00017,0.46842,6.07786,0.00728,0.00016,0.00524,92.27609, 
3,15,6,4096,0.10972,0.05024,0.00015,0.47208,6.08490,0.00729,0.00009,0.00527,92.34234, 
4,15,6,4096,0.11006,0.05017,0.00019,0.52880,6.07680,0.00728,0.00008,0.00527,92.28453, 
5,15,6,4096,0.10974,0.05128,0.00015,0.47211,6.07258,0.00729,0.00007,0.00527,92.16031, 
6,15,6,4096,0.11038,0.05022,0.00015,0.47217,6.07798,0.00729,0.00009,0.00527,92.24029, 
7,15,6,4096,0.11209,0.06458,0.00017,0.47192,6.07873,0.00731,0.00016,0.00527,92.29692, 
8,15,6,4096,0.10995,0.05051,0.00015,0.47203,6.08122,0.00730,0.00013,0.00527,92.33123, 
9,15,6,4096,0.13278,0.05436,0.00020,0.51155,6.07907,0.00728,0.00009,0.00527,92.36488, 
10,15,6,4096,0.10997,0.05045,0.00015,0.47204,6.07949,0.00729,0.00010,0.00527,92.26767, 
11,15,6,4096,0.10916,0.05001,0.00015,0.47213,6.08008,0.00730,0.00012,0.00527,92.27198, 
12,15,6,4096,0.10934,0.05074,0.00015,0.47207,6.07472,0.00731,0.00015,0.00527,92.20019, 
13,15,6,4096,0.14399,0.05237,0.00015,0.47186,6.08656,0.00729,0.00009,0.00527,92.44801, 
14,15,6,4096,0.11018,0.05052,0.00015,0.47216,6.08886,0.00729,0.00009,0.00527,92.41180, 
15,15,6,4096,0.11012,0.05186,0.00015,0.47204,6.07236,0.00729,0.00009,0.00527,92.15601, 
16,15,6,4096,0.13581,0.06294,0.00019,0.47192,6.08413,0.00730,0.00018,0.00527,92.39045, 
17,15,6,4096,0.10982,0.05020,0.00015,0.47213,6.07187,0.00729,0.00009,0.00527,92.17598, 
18,15,6,4096,0.10998,0.05070,0.00015,0.47196,6.07820,0.00729,0.00010,0.00527,92.25099, 
19,15,6,4096,0.10963,0.05074,0.00016,0.47214,6.07356,0.00729,0.00009,0.00527,92.17413, 
20,15,6,4096,0.12248,0.05489,0.00015,0.47201,6.08627,0.00731,0.00015,0.00528,92.41527, 
21,15,6,4096,0.10952,0.05029,0.00015,0.47211,6.08137,0.00729,0.00009,0.00527,92.32293, 
22,15,6,4096,0.10975,0.05105,0.00015,0.47201,6.09001,0.00729,0.00009,0.00527,92.42113, 
23,15,6,4096,0.11014,0.05094,0.00015,0.47215,6.07773,0.00729,0.00010,0.00528,92.24612, 
24,15,6,4096,0.13889,0.05073,0.00015,0.47191,6.06724,0.00729,0.00009,0.00527,92.14901, 
25,15,6,4096,0.10989,0.05108,0.00016,0.47212,6.07763,0.00728,0.00009,0.00527,92.23868, 
26,15,6,4096,0.10929,0.05082,0.00015,0.47212,6.07868,0.00729,0.00009,0.00527,92.25706, 
27,15,6,4096,0.10996,0.05012,0.00016,0.47211,6.08011,0.00729,0.00009,0.00527,92.27523, 
28,15,6,4096,0.11473,0.06422,0.00020,0.53102,6.07474,0.00731,0.00019,0.00527,92.31804, 
29,15,6,4096,0.11211,0.05079,0.00015,0.47206,6.08100,0.00729,0.00010,0.00527,92.35970, 
30,15,6,4096,0.10963,0.05008,0.00015,0.47214,6.07756,0.00729,0.00009,0.00528,92.23148, 
1,15,6,8192,0.17096,0.05048,0.00015,0.47268,13.08665,0.00738,0.00021,0.00528,197.44699, 
2,15,6,8192,0.17171,0.05040,0.00015,0.47281,13.08029,0.00736,0.00012,0.00527,197.38594, 
3,15,6,8192,0.17093,0.05087,0.00015,0.47276,13.08723,0.00735,0.00009,0.00527,197.45505, 
4,15,6,8192,0.19512,0.05153,0.00016,0.47275,13.08760,0.00736,0.00009,0.00527,197.50266, 
5,15,6,8192,0.17136,0.05013,0.00015,0.47269,13.08677,0.00735,0.00011,0.00527,197.45245, 
6,15,6,8192,0.17128,0.05006,0.00015,0.47289,13.08179,0.00735,0.00011,0.00527,197.37633, 
7,15,6,8192,0.17138,0.05030,0.00015,0.47287,13.08300,0.00735,0.00010,0.00527,197.39132, 
8,15,6,8192,0.17146,0.05040,0.00015,0.47281,13.07914,0.00735,0.00009,0.00527,197.33214, 
9,15,6,8192,0.19964,0.05003,0.00017,0.47265,13.07964,0.00735,0.00010,0.00527,197.40348, 
10,15,6,8192,0.17156,0.05037,0.00015,0.47272,13.07886,0.00735,0.00010,0.00527,197.33289, 
11,15,6,8192,0.17089,0.05013,0.00015,0.47286,13.09607,0.00735,0.00010,0.00527,197.58857, 
12,15,6,8192,0.17059,0.05029,0.00015,0.47288,13.09615,0.00734,0.00007,0.00527,197.59055, 
13,15,6,8192,0.17068,0.05067,0.00015,0.47288,13.08393,0.00735,0.00011,0.00527,197.41696, 
14,15,6,8192,0.17114,0.05002,0.00015,0.47259,13.08250,0.00737,0.00018,0.00528,197.42321, 
15,15,6,8192,0.18021,0.05315,0.00015,0.47280,13.07756,0.00735,0.00010,0.00527,197.35258, 
16,15,6,8192,0.16633,0.05738,0.00016,0.47287,13.07005,0.00737,0.00016,0.00527,197.22104, 
17,15,6,8192,0.17254,0.05081,0.00015,0.47275,13.08150,0.00735,0.00011,0.00527,197.39561, 
18,15,6,8192,0.17120,0.05037,0.00015,0.47458,13.09630,0.00734,0.00010,0.00527,197.62169, 
19,15,6,8192,0.17126,0.05008,0.00015,0.47273,13.07520,0.00735,0.00010,0.00527,197.31725, 
20,15,6,8192,0.16835,0.05190,0.00016,0.47283,13.09118,0.00737,0.00014,0.00528,197.52024, 
21,15,6,8192,0.17205,0.05006,0.00015,0.47275,13.09095,0.00734,0.00007,0.00527,197.50596, 
22,15,6,8192,0.17689,0.06241,0.00017,0.47276,13.08696,0.00738,0.00017,0.00528,197.47275, 
23,15,6,8192,0.17121,0.05058,0.00016,0.47290,13.08261,0.00738,0.00019,0.00527,197.41352, 
24,15,6,8192,0.17091,0.05014,0.00015,0.47276,13.07869,0.00735,0.00008,0.00527,197.35817, 
25,15,6,8192,0.19000,0.05183,0.00016,0.47283,13.08221,0.00737,0.00010,0.00527,197.43202, 
26,15,6,8192,0.17051,0.05060,0.00016,0.47289,13.08774,0.00737,0.00016,0.00527,197.46791, 
27,15,6,8192,0.17125,0.05050,0.00015,0.47277,13.07989,0.00735,0.00013,0.00528,197.37579, 
28,15,6,8192,0.17115,0.05057,0.00015,0.47272,13.08555,0.00738,0.00019,0.00527,197.42907, 
29,15,6,8192,0.17032,0.05029,0.00015,0.47281,13.07668,0.00735,0.00009,0.00527,197.29313, 
30,15,6,8192,0.17082,0.05038,0.00015,0.47277,13.06177,0.00735,0.00011,0.00527,197.15309, 
1,15,7,1024,0.00904,0.02276,0.00005,0.03059,0.12769,0.00154,0.00004,0.00040,2.14571, 
2,15,7,1024,0.00850,0.00270,0.00005,0.03059,0.12831,0.00154,0.00005,0.00040,2.14275, 
3,15,7,1024,0.00926,0.00275,0.00005,0.03059,0.12813,0.00154,0.00004,0.00040,2.17400, 
4,15,7,1024,0.00877,0.00272,0.00005,0.03059,0.12768,0.00154,0.00004,0.00040,2.13128, 
5,15,7,1024,0.01066,0.00309,0.00005,0.03060,0.12786,0.00154,0.00004,0.00040,2.16954, 
6,15,7,1024,0.00964,0.00285,0.00005,0.03059,0.12800,0.00154,0.00004,0.00040,2.19632, 
7,15,7,1024,0.00849,0.00271,0.00005,0.03059,0.12780,0.00154,0.00004,0.00040,2.12513, 
8,15,7,1024,0.00868,0.00273,0.00005,0.03035,0.12636,0.00153,0.00004,0.00040,2.15642, 
9,15,7,1024,0.00914,0.00280,0.00005,0.03033,0.12720,0.00153,0.00004,0.00040,2.12101, 
10,15,7,1024,0.00904,0.00286,0.00005,0.03032,0.12681,0.00153,0.00004,0.00040,2.12070, 
11,15,7,1024,0.00848,0.00269,0.00005,0.03033,0.12731,0.00153,0.00004,0.00040,2.12221, 
12,15,7,1024,0.00906,0.00282,0.00005,0.03033,0.12699,0.00153,0.00004,0.00040,2.15277, 
13,15,7,1024,0.00910,0.00286,0.00006,0.03033,0.12707,0.00153,0.00004,0.00040,2.16116, 
14,15,7,1024,0.00905,0.00276,0.00005,0.03033,0.12688,0.00153,0.00004,0.00040,2.12021, 
15,15,7,1024,0.00920,0.00276,0.00005,0.03033,0.12665,0.00153,0.00005,0.00040,2.11525, 
16,15,7,1024,0.00885,0.00278,0.00005,0.03034,0.12650,0.00153,0.00004,0.00040,2.11507, 
17,15,7,1024,0.00909,0.00284,0.00005,0.03033,0.12716,0.00153,0.00004,0.00040,2.12303, 
18,15,7,1024,0.00928,0.00285,0.00005,0.03035,0.12694,0.00154,0.00007,0.00040,2.14764, 
19,15,7,1024,0.00914,0.00290,0.00005,0.03033,0.12670,0.00153,0.00004,0.00040,2.14984, 
20,15,7,1024,0.00902,0.00276,0.00005,0.03033,0.12701,0.00153,0.00004,0.00040,2.12271, 
21,15,7,1024,0.00899,0.00275,0.00005,0.03032,0.12707,0.00153,0.00004,0.00040,2.11656, 
22,15,7,1024,0.00875,0.00305,0.00005,0.03033,0.12682,0.00153,0.00004,0.00040,2.11875, 
23,15,7,1024,0.00901,0.00282,0.00005,0.03033,0.12685,0.00153,0.00004,0.00040,2.11540, 
24,15,7,1024,0.00869,0.00274,0.00005,0.03033,0.12664,0.00153,0.00004,0.00040,2.11065, 
25,15,7,1024,0.00923,0.00282,0.00005,0.03033,0.12703,0.00153,0.00004,0.00040,2.12898, 
26,15,7,1024,0.00915,0.00281,0.00006,0.03033,0.12704,0.00153,0.00004,0.00040,2.16170, 
27,15,7,1024,0.00942,0.00282,0.00005,0.03033,0.12678,0.00153,0.00004,0.00040,2.12793, 
28,15,7,1024,0.00912,0.00278,0.00006,0.03012,0.12563,0.00152,0.00004,0.00039,2.11000, 
29,15,7,1024,0.00879,0.00277,0.00005,0.03011,0.12577,0.00152,0.00004,0.00040,2.10289, 
30,15,7,1024,0.00870,0.00275,0.00005,0.03012,0.12598,0.00152,0.00004,0.00039,2.09958, 
1,15,7,2048,0.01259,0.00283,0.00005,0.03011,0.12652,0.00154,0.00005,0.00040,2.12069, 
2,15,7,2048,0.01243,0.00286,0.00005,0.03012,0.12666,0.00154,0.00005,0.00040,2.15409, 
3,15,7,2048,0.01244,0.00298,0.00006,0.03011,0.12669,0.00154,0.00005,0.00040,2.16151, 
4,15,7,2048,0.01192,0.00278,0.00005,0.03012,0.12662,0.00154,0.00005,0.00040,2.11394, 
5,15,7,2048,0.01239,0.00287,0.00005,0.03011,0.12663,0.00154,0.00005,0.00040,2.11530, 
6,15,7,2048,0.01230,0.00278,0.00005,0.03012,0.12652,0.00154,0.00005,0.00040,2.11946, 
7,15,7,2048,0.01233,0.00282,0.00005,0.03012,0.12621,0.00154,0.00005,0.00040,2.10891, 
8,15,7,2048,0.01610,0.00298,0.00005,0.03011,0.12665,0.00154,0.00005,0.00040,2.15161, 
9,15,7,2048,0.01203,0.00288,0.00005,0.03011,0.12637,0.00154,0.00005,0.00040,2.14922, 
10,15,7,2048,0.01196,0.00277,0.00005,0.03012,0.12645,0.00154,0.00005,0.00040,2.11729, 
11,15,7,2048,0.01202,0.00281,0.00005,0.03012,0.12639,0.00154,0.00005,0.00040,2.11628, 
12,15,7,2048,0.01201,0.00281,0.00005,0.03012,0.12640,0.00154,0.00005,0.00040,2.11326, 
13,15,7,2048,0.01225,0.00286,0.00005,0.03012,0.12669,0.00154,0.00005,0.00040,2.12176, 
14,15,7,2048,0.01237,0.00280,0.00005,0.03012,0.12681,0.00154,0.00005,0.00040,2.11685, 
15,15,7,2048,0.01267,0.00309,0.00005,0.03013,0.12642,0.00154,0.00005,0.00040,2.15350, 
16,15,7,2048,0.01231,0.00285,0.00006,0.03012,0.12640,0.00154,0.00005,0.00040,2.14906, 
17,15,7,2048,0.01233,0.00281,0.00005,0.03011,0.12619,0.00154,0.00005,0.00040,2.10673, 
18,15,7,2048,0.01194,0.00277,0.00005,0.03011,0.12650,0.00154,0.00005,0.00040,2.11812, 
19,15,7,2048,0.01206,0.00278,0.00005,0.03014,0.12635,0.00154,0.00005,0.00040,2.11026, 
20,15,7,2048,0.01205,0.00285,0.00005,0.03012,0.12622,0.00154,0.00005,0.00040,2.10849, 
21,15,7,2048,0.01235,0.00280,0.00005,0.03012,0.12655,0.00154,0.00005,0.00040,2.11275, 
22,15,7,2048,0.01226,0.00279,0.00005,0.03012,0.12713,0.00154,0.00005,0.00040,2.16587, 
23,15,7,2048,0.01256,0.00283,0.00005,0.03014,0.12615,0.00154,0.00005,0.00040,2.14943, 
24,15,7,2048,0.01216,0.00291,0.00006,0.03011,0.12650,0.00154,0.00005,0.00040,2.12924, 
25,15,7,2048,0.01227,0.00278,0.00005,0.03012,0.12624,0.00154,0.00005,0.00040,2.11439, 
26,15,7,2048,0.01236,0.00283,0.00005,0.03011,0.12676,0.00154,0.00005,0.00040,2.11670, 
27,15,7,2048,0.01236,0.00280,0.00005,0.03010,0.12659,0.00154,0.00005,0.00040,2.11433, 
28,15,7,2048,0.01204,0.00282,0.00005,0.03011,0.12613,0.00154,0.00005,0.00040,2.10739, 
29,15,7,2048,0.01196,0.00280,0.00005,0.03014,0.12629,0.00154,0.00005,0.00040,2.11222, 
30,15,7,2048,0.01246,0.00280,0.00005,0.03012,0.12636,0.00154,0.00005,0.00040,2.11838, 
1,15,7,4096,0.01989,0.00304,0.00005,0.03011,0.16294,0.00165,0.00005,0.00040,2.71709, 
2,15,7,4096,0.01947,0.00296,0.00005,0.03011,0.16301,0.00165,0.00005,0.00040,2.67694, 
3,15,7,4096,0.01972,0.00299,0.00005,0.03013,0.16294,0.00165,0.00005,0.00040,2.67175, 
4,15,7,4096,0.01989,0.00306,0.00005,0.03012,0.16287,0.00165,0.00005,0.00040,2.66847, 
5,15,7,4096,0.01933,0.00297,0.00005,0.03013,0.16311,0.00165,0.00005,0.00040,2.68078, 
6,15,7,4096,0.02226,0.00346,0.00006,0.03013,0.16290,0.00165,0.00007,0.00040,2.74890, 
7,15,7,4096,0.01968,0.00296,0.00005,0.03012,0.16292,0.00165,0.00005,0.00040,2.67100, 
8,15,7,4096,0.04590,0.00322,0.00005,0.03013,0.16324,0.00165,0.00005,0.00040,2.72656, 
9,15,7,4096,0.01933,0.00294,0.00005,0.03014,0.16295,0.00165,0.00005,0.00040,2.67675, 
10,15,7,4096,0.01923,0.00289,0.00005,0.03013,0.16282,0.00165,0.00005,0.00040,2.67259, 
11,15,7,4096,0.01963,0.00289,0.00005,0.03013,0.16288,0.00165,0.00005,0.00040,2.67407, 
12,15,7,4096,0.01930,0.00291,0.00005,0.03013,0.16269,0.00165,0.00005,0.00040,2.67303, 
13,15,7,4096,0.01962,0.00328,0.00005,0.03013,0.16271,0.00165,0.00005,0.00040,2.71536, 
14,15,7,4096,0.01976,0.00297,0.00005,0.03013,0.16299,0.00165,0.00005,0.00040,2.67985, 
15,15,7,4096,0.02015,0.00304,0.00005,0.03013,0.16300,0.00165,0.00005,0.00040,2.74724, 
16,15,7,4096,0.01940,0.00296,0.00005,0.03014,0.16282,0.00165,0.00005,0.00040,2.67565, 
17,15,7,4096,0.04481,0.00319,0.00005,0.03013,0.16306,0.00165,0.00005,0.00040,2.70180, 
18,15,7,4096,0.01973,0.00294,0.00005,0.03014,0.16292,0.00165,0.00005,0.00040,2.67509, 
19,15,7,4096,0.01974,0.00289,0.00005,0.03013,0.16304,0.00165,0.00005,0.00040,2.67012, 
20,15,7,4096,0.01949,0.00290,0.00006,0.03013,0.16281,0.00165,0.00005,0.00040,2.67486, 
21,15,7,4096,0.01938,0.00296,0.00005,0.03014,0.16277,0.00165,0.00005,0.00040,2.67624, 
22,15,7,4096,0.01990,0.00302,0.00005,0.03013,0.16285,0.00165,0.00005,0.00040,2.71039, 
23,15,7,4096,0.01981,0.00297,0.00005,0.03013,0.16307,0.00165,0.00005,0.00040,2.67469, 
24,15,7,4096,0.02061,0.00301,0.00006,0.03013,0.16303,0.00165,0.00006,0.00040,2.74785, 
25,15,7,4096,0.01974,0.00291,0.00005,0.03014,0.16297,0.00165,0.00005,0.00040,2.67180, 
26,15,7,4096,0.02027,0.00306,0.00005,0.03014,0.16295,0.00165,0.00005,0.00040,2.71132, 
27,15,7,4096,0.01952,0.00290,0.00005,0.03011,0.16317,0.00165,0.00005,0.00040,2.67535, 
28,15,7,4096,0.01952,0.00293,0.00005,0.03012,0.16269,0.00165,0.00005,0.00040,2.66811, 
29,15,7,4096,0.01949,0.00294,0.00005,0.03013,0.16319,0.00165,0.00005,0.00040,2.71835, 
30,15,7,4096,0.01966,0.00293,0.00005,0.03013,0.16310,0.00165,0.00005,0.00040,2.67540, 
1,15,7,8192,0.03479,0.00345,0.00006,0.03035,0.39966,0.00170,0.00006,0.00040,6.28578, 
2,15,7,8192,0.03483,0.00334,0.00007,0.03034,0.39940,0.00170,0.00006,0.00040,6.25051, 
3,15,7,8192,0.03448,0.00330,0.00006,0.03035,0.39954,0.00170,0.00006,0.00040,6.24499, 
4,15,7,8192,0.03472,0.00336,0.00006,0.03034,0.39964,0.00170,0.00005,0.00040,6.24838, 
5,15,7,8192,0.05419,0.00366,0.00006,0.03034,0.39924,0.00170,0.00006,0.00040,6.29726, 
6,15,7,8192,0.03469,0.00333,0.00005,0.03035,0.40037,0.00170,0.00006,0.00040,6.26466, 
7,15,7,8192,0.03459,0.00341,0.00006,0.03034,0.39983,0.00170,0.00006,0.00040,6.24612, 
8,15,7,8192,0.03450,0.00341,0.00006,0.03035,0.39906,0.00170,0.00006,0.00040,6.23393, 
9,15,7,8192,0.03420,0.00329,0.00006,0.03034,0.39895,0.00170,0.00006,0.00040,6.26634, 
10,15,7,8192,0.03478,0.00332,0.00007,0.03035,0.39986,0.00171,0.00006,0.00040,6.28422, 
11,15,7,8192,0.03438,0.00341,0.00006,0.03061,0.40074,0.00171,0.00005,0.00041,6.26701, 
12,15,7,8192,0.03455,0.00335,0.00007,0.03060,0.40156,0.00171,0.00006,0.00041,6.27782, 
13,15,7,8192,0.03464,0.00334,0.00007,0.03061,0.40193,0.00172,0.00006,0.00041,6.28502, 
14,15,7,8192,0.05974,0.00368,0.00006,0.03060,0.40096,0.00171,0.00006,0.00041,6.33977, 
15,15,7,8192,0.05440,0.00337,0.00006,0.04053,0.40338,0.00171,0.00006,0.00041,6.37404, 
16,15,7,8192,0.03467,0.00339,0.00006,0.03061,0.40136,0.00171,0.00005,0.00041,6.26935, 
17,15,7,8192,0.03428,0.00331,0.00006,0.03060,0.40109,0.00171,0.00005,0.00041,6.26659, 
18,15,7,8192,0.03289,0.00323,0.00006,0.03061,0.40165,0.00171,0.00005,0.00041,6.27025, 
19,15,7,8192,0.05883,0.00362,0.00006,0.03060,0.40151,0.00171,0.00005,0.00041,6.34164, 
20,15,7,8192,0.03585,0.00356,0.00006,0.03061,0.40074,0.00171,0.00006,0.00041,6.33603, 
21,15,7,8192,0.03461,0.00344,0.00006,0.03061,0.40232,0.00171,0.00005,0.00041,6.28507, 
22,15,7,8192,0.03473,0.00346,0.00006,0.03060,0.40192,0.00171,0.00005,0.00041,6.27727, 
23,15,7,8192,0.03857,0.00342,0.00006,0.03060,0.40087,0.00171,0.00005,0.00041,6.29867, 
24,15,7,8192,0.03550,0.00336,0.00006,0.03061,0.40173,0.00171,0.00006,0.00041,6.34772, 
25,15,7,8192,0.03442,0.00342,0.00006,0.03060,0.40161,0.00171,0.00006,0.00041,6.27787, 
26,15,7,8192,0.03463,0.00341,0.00006,0.03061,0.40116,0.00171,0.00005,0.00041,6.26743, 
27,15,7,8192,0.03475,0.00350,0.00006,0.03060,0.40129,0.00171,0.00006,0.00041,6.27383, 
28,15,7,8192,0.03552,0.00340,0.00006,0.03060,0.40073,0.00171,0.00005,0.00041,6.34572, 
29,15,7,8192,0.03481,0.00331,0.00006,0.03060,0.40054,0.00171,0.00006,0.00041,6.27054, 
30,15,7,8192,0.03463,0.00330,0.00006,0.03060,0.40041,0.00171,0.00006,0.00041,6.26178, 
1,15,8,1024,0.01401,0.02808,0.00006,0.05920,0.21667,0.00225,0.00004,0.00077,3.55225, 
2,15,8,1024,0.01404,0.00536,0.00005,0.05920,0.21656,0.00225,0.00004,0.00076,3.52421, 
3,15,8,1024,0.01393,0.00525,0.00006,0.05922,0.21703,0.00225,0.00004,0.00076,3.53482, 
4,15,8,1024,0.01396,0.00535,0.00005,0.05921,0.21731,0.00225,0.00004,0.00077,3.54798, 
5,15,8,1024,0.01406,0.00532,0.00005,0.05921,0.21702,0.00225,0.00004,0.00077,3.54965, 
6,15,8,1024,0.01385,0.00514,0.00006,0.05919,0.21658,0.00225,0.00004,0.00077,3.52629, 
7,15,8,1024,0.01399,0.00518,0.00007,0.05871,0.21520,0.00223,0.00004,0.00077,3.52905, 
8,15,8,1024,0.01392,0.00526,0.00005,0.05871,0.21537,0.00223,0.00004,0.00076,3.51267, 
9,15,8,1024,0.01402,0.00536,0.00005,0.05869,0.21496,0.00223,0.00004,0.00076,3.54298, 
10,15,8,1024,0.01415,0.00537,0.00006,0.05870,0.21503,0.00223,0.00004,0.00076,3.56167, 
11,15,8,1024,0.01415,0.00543,0.00005,0.05870,0.21524,0.00223,0.00004,0.00076,3.50866, 
12,15,8,1024,0.01406,0.00519,0.00006,0.05869,0.21596,0.00224,0.00004,0.00076,3.52154, 
13,15,8,1024,0.01403,0.00519,0.00006,0.05870,0.21512,0.00223,0.00004,0.00076,3.50987, 
14,15,8,1024,0.01403,0.00524,0.00007,0.05870,0.21488,0.00223,0.00004,0.00076,3.49710, 
15,15,8,1024,0.01415,0.00521,0.00006,0.05870,0.21492,0.00223,0.00004,0.00076,3.53955, 
16,15,8,1024,0.01379,0.00525,0.00006,0.05869,0.21477,0.00223,0.00004,0.00076,3.53514, 
17,15,8,1024,0.01490,0.00527,0.00006,0.05871,0.21541,0.00223,0.00004,0.00076,3.54166, 
18,15,8,1024,0.01405,0.00508,0.00005,0.05870,0.21492,0.00224,0.00005,0.00076,3.49822, 
19,15,8,1024,0.01396,0.00518,0.00006,0.05871,0.21475,0.00223,0.00004,0.00076,3.49549, 
20,15,8,1024,0.01373,0.00518,0.00006,0.05827,0.21325,0.00222,0.00004,0.00075,3.53432, 
21,15,8,1024,0.01408,0.00519,0.00005,0.05826,0.21291,0.00222,0.00004,0.00075,3.47031, 
22,15,8,1024,0.01471,0.00527,0.00005,0.05826,0.21372,0.00222,0.00004,0.00075,3.54686, 
23,15,8,1024,0.01382,0.00549,0.00006,0.05825,0.21337,0.00222,0.00004,0.00075,3.48587, 
24,15,8,1024,0.01402,0.00519,0.00006,0.05827,0.21288,0.00222,0.00004,0.00075,3.46577, 
25,15,8,1024,0.01391,0.00516,0.00006,0.05826,0.21354,0.00222,0.00004,0.00075,3.48201, 
26,15,8,1024,0.01388,0.00513,0.00008,0.05827,0.21317,0.00222,0.00004,0.00075,3.47762, 
27,15,8,1024,0.01390,0.00550,0.00005,0.05828,0.21376,0.00222,0.00004,0.00075,3.52588, 
28,15,8,1024,0.01394,0.00522,0.00005,0.05824,0.21329,0.00222,0.00004,0.00076,3.54487, 
29,15,8,1024,0.01358,0.00527,0.00006,0.05827,0.21313,0.00222,0.00004,0.00075,3.50863, 
30,15,8,1024,0.01307,0.00522,0.00007,0.05826,0.21306,0.00222,0.00004,0.00075,3.47408, 
1,15,8,2048,0.01887,0.00545,0.00006,0.05827,0.21556,0.00226,0.00005,0.00075,3.51497, 
2,15,8,2048,0.01891,0.00543,0.00007,0.05827,0.21543,0.00226,0.00005,0.00075,3.51051, 
3,15,8,2048,0.01882,0.00545,0.00006,0.05826,0.21527,0.00226,0.00005,0.00075,3.51108, 
4,15,8,2048,0.01852,0.00533,0.00006,0.05828,0.21528,0.00226,0.00005,0.00076,3.51207, 
5,15,8,2048,0.01932,0.00559,0.00005,0.05827,0.21608,0.00226,0.00005,0.00075,3.59895, 
6,15,8,2048,0.01958,0.00565,0.00006,0.05829,0.21487,0.00226,0.00005,0.00075,3.51732, 
7,15,8,2048,0.01854,0.00531,0.00006,0.05827,0.21551,0.00226,0.00005,0.00075,3.51579, 
8,15,8,2048,0.01858,0.00551,0.00006,0.05826,0.21535,0.00226,0.00005,0.00075,3.51776, 
9,15,8,2048,0.01885,0.00540,0.00007,0.05825,0.21630,0.00226,0.00005,0.00075,3.59431, 
10,15,8,2048,0.01899,0.00539,0.00005,0.05827,0.21600,0.00226,0.00005,0.00075,3.59612, 
11,15,8,2048,0.01899,0.00531,0.00006,0.05827,0.21533,0.00226,0.00005,0.00075,3.55178, 
12,15,8,2048,0.01875,0.00533,0.00006,0.05827,0.21604,0.00226,0.00005,0.00075,3.52271, 
13,15,8,2048,0.01885,0.00543,0.00006,0.05829,0.21643,0.00226,0.00005,0.00075,3.53166, 
14,15,8,2048,0.01884,0.00536,0.00006,0.05829,0.21525,0.00226,0.00005,0.00075,3.54163, 
15,15,8,2048,0.01887,0.00537,0.00005,0.05829,0.21539,0.00226,0.00005,0.00075,3.51817, 
16,15,8,2048,0.01903,0.00537,0.00006,0.05828,0.21554,0.00226,0.00005,0.00075,3.51641, 
17,15,8,2048,0.02465,0.00613,0.00006,0.05823,0.21552,0.00226,0.00005,0.00075,3.58951, 
18,15,8,2048,0.01925,0.00552,0.00006,0.05827,0.21598,0.00226,0.00005,0.00075,3.57043, 
19,15,8,2048,0.01913,0.00536,0.00006,0.05830,0.21534,0.00226,0.00005,0.00075,3.51298, 
20,15,8,2048,0.01895,0.00533,0.00007,0.05829,0.21529,0.00226,0.00005,0.00075,3.51137, 
21,15,8,2048,0.01865,0.00542,0.00006,0.05831,0.21550,0.00226,0.00005,0.00075,3.51905, 
22,15,8,2048,0.01866,0.00536,0.00005,0.05832,0.21564,0.00226,0.00005,0.00076,3.51844, 
23,15,8,2048,0.01866,0.00536,0.00005,0.05829,0.21595,0.00226,0.00005,0.00075,3.56543, 
24,15,8,2048,0.01912,0.00564,0.00005,0.05828,0.21591,0.00226,0.00005,0.00075,3.58879, 
25,15,8,2048,0.01940,0.00567,0.00006,0.05829,0.21553,0.00226,0.00005,0.00075,3.55795, 
26,15,8,2048,0.01884,0.00538,0.00005,0.05827,0.21535,0.00226,0.00005,0.00075,3.51270, 
27,15,8,2048,0.01843,0.00539,0.00005,0.05827,0.21542,0.00226,0.00005,0.00075,3.51904, 
28,15,8,2048,0.01869,0.00531,0.00008,0.05830,0.21558,0.00226,0.00005,0.00075,3.52246, 
29,15,8,2048,0.01893,0.00535,0.00006,0.05829,0.21572,0.00226,0.00005,0.00075,3.51632, 
30,15,8,2048,0.01891,0.00539,0.00005,0.05830,0.21552,0.00226,0.00005,0.00075,3.55831, 
1,15,8,4096,0.02940,0.00599,0.00006,0.05824,0.30905,0.00238,0.00005,0.00075,5.01655, 
2,15,8,4096,0.02895,0.00595,0.00006,0.05825,0.30963,0.00238,0.00005,0.00076,4.94943, 
3,15,8,4096,0.02992,0.00639,0.00006,0.05827,0.30964,0.00238,0.00005,0.00076,4.98196, 
4,15,8,4096,0.02920,0.00590,0.00006,0.05830,0.30930,0.00238,0.00005,0.00075,4.93756, 
5,15,8,4096,0.02881,0.00608,0.00006,0.05828,0.31061,0.00239,0.00005,0.00076,4.95908, 
6,15,8,4096,0.05847,0.00633,0.00006,0.05868,0.31117,0.00240,0.00005,0.00076,5.00751, 
7,15,8,4096,0.02918,0.00597,0.00006,0.05868,0.31108,0.00240,0.00005,0.00076,4.96489, 
8,15,8,4096,0.02952,0.00607,0.00006,0.05868,0.31099,0.00239,0.00005,0.00076,5.04222, 
9,15,8,4096,0.02930,0.00602,0.00006,0.05868,0.31154,0.00239,0.00005,0.00076,4.97500, 
10,15,8,4096,0.02913,0.00593,0.00006,0.05870,0.31101,0.00239,0.00005,0.00076,4.96902, 
11,15,8,4096,0.05187,0.00680,0.00006,0.05866,0.31092,0.00240,0.00005,0.00076,5.03363, 
12,15,8,4096,0.02893,0.00596,0.00006,0.05869,0.31124,0.00239,0.00005,0.00076,4.99058, 
13,15,8,4096,0.02882,0.00611,0.00006,0.05869,0.31154,0.00239,0.00005,0.00076,5.01936, 
14,15,8,4096,0.02888,0.00592,0.00006,0.05869,0.31151,0.00239,0.00005,0.00076,4.97707, 
15,15,8,4096,0.03001,0.00597,0.00006,0.05870,0.31140,0.00239,0.00005,0.00076,5.01475, 
16,15,8,4096,0.02966,0.00602,0.00006,0.05869,0.31136,0.00240,0.00005,0.00076,4.98871, 
17,15,8,4096,0.02904,0.00588,0.00006,0.05869,0.31138,0.00240,0.00005,0.00076,4.97415, 
18,15,8,4096,0.05465,0.00649,0.00007,0.05869,0.31139,0.00240,0.00006,0.00076,5.04256, 
19,15,8,4096,0.02915,0.00592,0.00006,0.05869,0.31157,0.00240,0.00005,0.00076,4.97524, 
20,15,8,4096,0.02925,0.00601,0.00006,0.05869,0.31152,0.00239,0.00005,0.00076,4.98101, 
21,15,8,4096,0.02972,0.00674,0.00006,0.05869,0.31168,0.00240,0.00005,0.00076,5.01115, 
22,15,8,4096,0.02891,0.00588,0.00006,0.05869,0.31151,0.00239,0.00005,0.00076,4.97904, 
23,15,8,4096,0.02995,0.00594,0.00006,0.05870,0.31115,0.00240,0.00005,0.00076,5.03495, 
24,15,8,4096,0.02916,0.00595,0.00007,0.05868,0.31152,0.00239,0.00005,0.00076,4.97268, 
25,15,8,4096,0.02912,0.00597,0.00006,0.05868,0.31147,0.00240,0.00005,0.00076,5.01703, 
26,15,8,4096,0.02898,0.00600,0.00006,0.05869,0.31149,0.00240,0.00005,0.00076,4.97826, 
27,15,8,4096,0.02916,0.00598,0.00006,0.05868,0.31132,0.00239,0.00005,0.00076,4.97586, 
28,15,8,4096,0.03330,0.00621,0.00006,0.05868,0.31091,0.00239,0.00005,0.00076,5.00976, 
29,15,8,4096,0.02915,0.00597,0.00006,0.05869,0.31145,0.00239,0.00005,0.00076,4.97487, 
30,15,8,4096,0.03018,0.00620,0.00006,0.05870,0.31120,0.00239,0.00006,0.00076,5.01176, 
1,15,8,8192,0.05013,0.00618,0.00006,0.05875,0.93013,0.00244,0.00007,0.00077,14.28287, 
2,15,8,8192,0.05257,0.00654,0.00006,0.05925,0.93104,0.00245,0.00006,0.00077,14.32951, 
3,15,8,8192,0.05078,0.00621,0.00006,0.05924,0.93121,0.00245,0.00006,0.00077,14.30193, 
4,15,8,8192,0.05035,0.00619,0.00007,0.05925,0.92960,0.00245,0.00006,0.00077,14.27711, 
5,15,8,8192,0.05033,0.00630,0.00006,0.05925,0.93165,0.00245,0.00006,0.00077,14.30327, 
6,15,8,8192,0.07884,0.00666,0.00006,0.05922,0.92971,0.00244,0.00006,0.00077,14.33260, 
7,15,8,8192,0.05117,0.00626,0.00007,0.05924,0.93086,0.00245,0.00006,0.00077,14.37405, 
8,15,8,8192,0.04973,0.00623,0.00006,0.05924,0.93081,0.00245,0.00006,0.00077,14.28380, 
9,15,8,8192,0.05014,0.00638,0.00006,0.05924,0.93037,0.00245,0.00006,0.00077,14.28081, 
10,15,8,8192,0.05757,0.00729,0.00007,0.05923,0.93148,0.00245,0.00006,0.00077,14.34235, 
11,15,8,8192,0.05010,0.00626,0.00006,0.05925,0.93033,0.00245,0.00006,0.00077,14.28799, 
12,15,8,8192,0.05001,0.00637,0.00006,0.05925,0.93176,0.00245,0.00006,0.00077,14.30349, 
13,15,8,8192,0.05028,0.00625,0.00006,0.05926,0.92874,0.00245,0.00006,0.00077,14.26292, 
14,15,8,8192,0.05097,0.00623,0.00006,0.05926,0.93143,0.00245,0.00006,0.00077,14.30203, 
15,15,8,8192,0.05290,0.00647,0.00006,0.05926,0.92911,0.00245,0.00006,0.00077,14.27937, 
16,15,8,8192,0.05043,0.00625,0.00006,0.05926,0.93156,0.00244,0.00006,0.00077,14.30241, 
17,15,8,8192,0.05011,0.00640,0.00006,0.05925,0.93149,0.00245,0.00008,0.00077,14.30005, 
18,15,8,8192,0.05017,0.00625,0.00006,0.05925,0.93084,0.00245,0.00006,0.00077,14.29414, 
19,15,8,8192,0.05278,0.00654,0.00006,0.05926,0.93087,0.00245,0.00006,0.00077,14.36531, 
20,15,8,8192,0.05029,0.00631,0.00006,0.05925,0.93113,0.00245,0.00006,0.00077,14.30084, 
21,15,8,8192,0.05051,0.00624,0.00006,0.05926,0.93190,0.00244,0.00006,0.00077,14.31240, 
22,15,8,8192,0.05039,0.00630,0.00009,0.05924,0.93168,0.00245,0.00010,0.00078,14.30404, 
23,15,8,8192,0.05243,0.00699,0.00006,0.05926,0.93076,0.00245,0.00006,0.00077,14.32709, 
24,15,8,8192,0.05195,0.00622,0.00006,0.05923,0.93059,0.00245,0.00007,0.00077,14.29734, 
25,15,8,8192,0.05066,0.00619,0.00006,0.05926,0.92968,0.00245,0.00006,0.00077,14.27723, 
26,15,8,8192,0.05044,0.00638,0.00006,0.05925,0.93104,0.00245,0.00006,0.00077,14.32199, 
27,15,8,8192,0.05307,0.00666,0.00006,0.05925,0.92972,0.00245,0.00006,0.00077,14.35582, 
28,15,8,8192,0.05053,0.00631,0.00006,0.05927,0.93117,0.00245,0.00006,0.00077,14.30119, 
29,15,8,8192,0.05031,0.00623,0.00006,0.05925,0.93008,0.00245,0.00005,0.00077,14.27814, 
30,15,8,8192,0.04836,0.00624,0.00006,0.05926,0.93201,0.00245,0.00006,0.00077,14.29623, 
1,15,10,1024,0.04212,0.11734,0.00011,0.34106,1.65288,0.00522,0.00008,0.00387,25.64216, 
2,15,10,1024,0.04230,0.02945,0.00011,0.34233,1.64931,0.00521,0.00006,0.00387,25.49440, 
3,15,10,1024,0.04221,0.02955,0.00011,0.34155,1.65531,0.00521,0.00007,0.00388,25.60231, 
4,15,10,1024,0.04212,0.02941,0.00011,0.34161,1.65287,0.00521,0.00006,0.00387,25.55609, 
5,15,10,1024,0.04262,0.03021,0.00011,0.34232,1.65183,0.00521,0.00007,0.00388,25.57586, 
6,15,10,1024,0.04256,0.03052,0.00012,0.34281,1.64684,0.00521,0.00006,0.00388,25.49992, 
7,15,10,1024,0.06776,0.03047,0.00011,0.34134,1.66027,0.00523,0.00007,0.00389,25.72956, 
8,15,10,1024,0.07208,0.03072,0.00011,0.34492,1.66299,0.00525,0.00006,0.00391,25.77303, 
9,15,10,1024,0.04563,0.03169,0.00012,0.34527,1.66545,0.00525,0.00007,0.00391,25.77924, 
10,15,10,1024,0.04693,0.03216,0.00011,0.34499,1.66534,0.00525,0.00006,0.00391,25.78071, 
11,15,10,1024,0.04169,0.03050,0.00012,0.34494,1.66406,0.00525,0.00006,0.00391,25.73069, 
12,15,10,1024,0.07101,0.03134,0.00011,0.34481,1.66697,0.00525,0.00007,0.00391,25.83607, 
13,15,10,1024,0.07446,0.03070,0.00011,0.34497,1.67117,0.00525,0.00006,0.00391,25.87170, 
14,15,10,1024,0.07282,0.03044,0.00012,0.34378,1.67008,0.00525,0.00007,0.00391,25.91950, 
15,15,10,1024,0.04376,0.02956,0.00011,0.34402,1.66401,0.00525,0.00007,0.00391,25.77648, 
16,15,10,1024,0.04223,0.02970,0.00011,0.34528,1.66198,0.00525,0.00007,0.00391,25.73013, 
17,15,10,1024,0.04217,0.03081,0.00012,0.34491,1.66683,0.00525,0.00007,0.00391,25.79848, 
18,15,10,1024,0.04299,0.03017,0.00011,0.34405,1.66132,0.00525,0.00007,0.00391,25.74740, 
19,15,10,1024,0.06926,0.03039,0.00011,0.34376,1.66247,0.00525,0.00007,0.00391,25.76431, 
20,15,10,1024,0.06945,0.03039,0.00011,0.34403,1.66524,0.00525,0.00007,0.00391,25.81014, 
21,15,10,1024,0.07250,0.03064,0.00011,0.34490,1.66786,0.00525,0.00007,0.00391,25.85042, 
22,15,10,1024,0.06779,0.03039,0.00011,0.34497,1.65982,0.00525,0.00006,0.00391,25.72721, 
23,15,10,1024,0.04826,0.03191,0.00012,0.34494,1.66953,0.00525,0.00006,0.00391,25.83991, 
24,15,10,1024,0.04440,0.03225,0.00011,0.34398,1.65993,0.00525,0.00007,0.00391,25.70117, 
25,15,10,1024,0.04232,0.02950,0.00011,0.34401,1.66801,0.00525,0.00007,0.00391,25.78888, 
26,15,10,1024,0.04258,0.02981,0.00011,0.34408,1.66873,0.00525,0.00008,0.00391,25.79089, 
27,15,10,1024,0.04255,0.02994,0.00011,0.34400,1.66553,0.00525,0.00006,0.00391,25.74723, 
28,15,10,1024,0.04194,0.02975,0.00011,0.34479,1.66233,0.00526,0.00013,0.00392,25.69713, 
29,15,10,1024,0.04229,0.02967,0.00011,0.34494,1.66156,0.00525,0.00006,0.00391,25.68890, 
30,15,10,1024,0.04204,0.02969,0.00011,0.34498,1.66952,0.00525,0.00008,0.00391,25.80595, 
1,15,10,2048,0.05350,0.03002,0.00011,0.34495,1.69877,0.00539,0.00007,0.00391,26.26233, 
2,15,10,2048,0.05585,0.02992,0.00011,0.34390,1.70573,0.00539,0.00006,0.00391,26.37061, 
3,15,10,2048,0.05372,0.02965,0.00011,0.34392,1.70146,0.00539,0.00006,0.00391,26.32798, 
4,15,10,2048,0.05348,0.03011,0.00011,0.34393,1.70276,0.00539,0.00007,0.00391,26.32077, 
5,15,10,2048,0.05385,0.02982,0.00011,0.34394,1.69801,0.00540,0.00011,0.00391,26.25484, 
6,15,10,2048,0.05275,0.02966,0.00011,0.34394,1.69821,0.00539,0.00007,0.00391,26.25022, 
7,15,10,2048,0.05434,0.03020,0.00012,0.34393,1.70096,0.00539,0.00007,0.00391,26.33062, 
8,15,10,2048,0.05394,0.03231,0.00011,0.34389,1.69972,0.00539,0.00007,0.00391,26.28125, 
9,15,10,2048,0.05399,0.02984,0.00011,0.34382,1.70204,0.00539,0.00008,0.00391,26.30917, 
10,15,10,2048,0.05369,0.02994,0.00011,0.34384,1.70181,0.00539,0.00007,0.00391,26.30742, 
11,15,10,2048,0.05573,0.03034,0.00011,0.34382,1.69794,0.00539,0.00007,0.00391,26.35659, 
12,15,10,2048,0.05395,0.03012,0.00011,0.34391,1.69975,0.00540,0.00011,0.00391,26.28421, 
13,15,10,2048,0.05392,0.03005,0.00011,0.34393,1.69859,0.00539,0.00007,0.00391,26.26015, 
14,15,10,2048,0.05388,0.02978,0.00011,0.34392,1.70518,0.00539,0.00007,0.00391,26.36084, 
15,15,10,2048,0.08505,0.03042,0.00011,0.34368,1.70304,0.00539,0.00007,0.00391,26.42022, 
16,15,10,2048,0.05555,0.03089,0.00011,0.34386,1.69580,0.00539,0.00007,0.00391,26.21409, 
17,15,10,2048,0.05397,0.02981,0.00011,0.34465,1.70399,0.00539,0.00007,0.00391,26.33650, 
18,15,10,2048,0.05657,0.03792,0.00012,0.34488,1.69945,0.00540,0.00011,0.00392,26.28818, 
19,15,10,2048,0.05407,0.03004,0.00011,0.34387,1.69797,0.00539,0.00008,0.00391,26.32178, 
20,15,10,2048,0.05386,0.02982,0.00011,0.34389,1.70590,0.00539,0.00007,0.00391,26.36428, 
21,15,10,2048,0.05399,0.02972,0.00011,0.34391,1.70272,0.00539,0.00007,0.00391,26.32082, 
22,15,10,2048,0.05660,0.03586,0.00012,0.34384,1.69873,0.00539,0.00011,0.00391,26.27079, 
23,15,10,2048,0.05541,0.03036,0.00011,0.34394,1.70618,0.00539,0.00007,0.00391,26.40787, 
24,15,10,2048,0.05394,0.02974,0.00011,0.34385,1.70235,0.00539,0.00007,0.00391,26.31807, 
25,15,10,2048,0.05386,0.02992,0.00011,0.34390,1.70395,0.00540,0.00011,0.00391,26.34346, 
26,15,10,2048,0.05724,0.03127,0.00011,0.34376,1.70139,0.00539,0.00008,0.00391,26.33069, 
27,15,10,2048,0.05399,0.02987,0.00011,0.34388,1.69956,0.00539,0.00008,0.00391,26.26800, 
28,15,10,2048,0.05388,0.02979,0.00011,0.34391,1.70374,0.00539,0.00007,0.00391,26.33169, 
29,15,10,2048,0.05397,0.02981,0.00011,0.34393,1.70681,0.00539,0.00007,0.00391,26.38309, 
30,15,10,2048,0.08034,0.03072,0.00011,0.34372,1.70513,0.00539,0.00007,0.00391,26.42520, 
1,15,10,4096,0.07778,0.02978,0.00011,0.34390,2.86597,0.00547,0.00012,0.00394,43.80409, 
2,15,10,4096,0.07752,0.03004,0.00011,0.34722,2.86740,0.00547,0.00008,0.00394,43.82912, 
3,15,10,4096,0.07789,0.03009,0.00011,0.34731,2.87345,0.00548,0.00008,0.00395,43.94423, 
4,15,10,4096,0.07779,0.03000,0.00011,0.34988,2.87868,0.00551,0.00008,0.00398,43.99521, 
5,15,10,4096,0.07764,0.02990,0.00011,0.34987,2.87772,0.00551,0.00008,0.00398,43.98695, 
6,15,10,4096,0.07799,0.02979,0.00011,0.34987,2.87739,0.00551,0.00008,0.00398,43.97756, 
7,15,10,4096,0.07807,0.02987,0.00011,0.34993,2.87825,0.00551,0.00009,0.00398,43.99003, 
8,15,10,4096,0.07798,0.03001,0.00011,0.34983,2.87711,0.00551,0.00009,0.00398,43.97821, 
9,15,10,4096,0.07803,0.02964,0.00011,0.34982,2.87728,0.00553,0.00018,0.00398,43.98080, 
10,15,10,4096,0.10045,0.02970,0.00011,0.34975,2.87440,0.00551,0.00008,0.00398,43.96054, 
11,15,10,4096,0.08094,0.03096,0.00011,0.34980,2.88180,0.00551,0.00008,0.00398,44.08620, 
12,15,10,4096,0.07958,0.03060,0.00011,0.34987,2.87498,0.00553,0.00013,0.00398,44.01746, 
13,15,10,4096,0.07806,0.03016,0.00011,0.34992,2.87562,0.00551,0.00008,0.00398,43.95502, 
14,15,10,4096,0.07838,0.02986,0.00011,0.34992,2.87301,0.00552,0.00013,0.00398,43.92014, 
15,15,10,4096,0.07733,0.02990,0.00011,0.34990,2.87706,0.00551,0.00007,0.00397,43.97548, 
16,15,10,4096,0.07815,0.03034,0.00011,0.34987,2.87318,0.00553,0.00013,0.00398,43.94679, 
17,15,10,4096,0.07815,0.02999,0.00011,0.34989,2.87992,0.00551,0.00008,0.00398,44.01666, 
18,15,10,4096,0.07831,0.02985,0.00011,0.34978,2.87781,0.00551,0.00009,0.00398,43.98787, 
19,15,10,4096,0.07786,0.03054,0.00011,0.34990,2.87663,0.00552,0.00012,0.00398,43.96883, 
20,15,10,4096,0.07798,0.03034,0.00011,0.34982,2.87634,0.00551,0.00009,0.00398,43.96708, 
21,15,10,4096,0.07845,0.02976,0.00011,0.34977,2.87935,0.00551,0.00008,0.00398,44.01270, 
22,15,10,4096,0.08188,0.03091,0.00011,0.34975,2.87595,0.00551,0.00007,0.00398,43.99267, 
23,15,10,4096,0.10891,0.03250,0.00011,0.34957,2.87740,0.00551,0.00008,0.00398,44.02199, 
24,15,10,4096,0.07822,0.02995,0.00011,0.34985,2.87827,0.00551,0.00008,0.00398,44.03932, 
25,15,10,4096,0.07777,0.02990,0.00011,0.34982,2.87687,0.00551,0.00008,0.00398,43.99375, 
26,15,10,4096,0.07410,0.02969,0.00012,0.34989,2.87674,0.00552,0.00009,0.00398,43.96134, 
27,15,10,4096,0.07836,0.03049,0.00011,0.34985,2.87908,0.00552,0.00011,0.00398,44.00433, 
28,15,10,4096,0.07743,0.02974,0.00011,0.34988,2.87733,0.00552,0.00011,0.00398,43.97916, 
29,15,10,4096,0.07816,0.02997,0.00011,0.34995,2.87415,0.00551,0.00008,0.00398,43.92796, 
30,15,10,4096,0.07797,0.02973,0.00011,0.34997,2.87333,0.00551,0.00008,0.00398,43.92347, 
1,15,10,8192,0.12550,0.02995,0.00012,0.34961,6.22359,0.00556,0.00009,0.00398,94.23233, 
2,15,10,8192,0.15502,0.03108,0.00012,0.34942,6.21300,0.00556,0.00011,0.00398,94.10541, 
3,15,10,8192,0.12562,0.03013,0.00012,0.34969,6.21220,0.00557,0.00010,0.00398,94.16730, 
4,15,10,8192,0.12601,0.02977,0.00012,0.34984,6.21601,0.00556,0.00009,0.00398,94.11254, 
5,15,10,8192,0.12593,0.03000,0.00011,0.35105,6.22412,0.00556,0.00010,0.00398,94.24222, 
6,15,10,8192,0.12554,0.03003,0.00011,0.35109,6.23378,0.00556,0.00008,0.00398,94.38782, 
7,15,10,8192,0.15145,0.03507,0.00013,0.35008,6.21227,0.00558,0.00015,0.00398,94.09633, 
8,15,10,8192,0.17735,0.03073,0.00011,0.34940,6.21761,0.00557,0.00010,0.00398,94.26566, 
9,15,10,8192,0.12559,0.03014,0.00011,0.34969,6.21663,0.00556,0.00009,0.00398,94.12244, 
10,15,10,8192,0.12547,0.03006,0.00011,0.34967,6.21038,0.00556,0.00008,0.00398,94.03088, 
11,15,10,8192,0.12585,0.03009,0.00011,0.34962,6.21635,0.00557,0.00013,0.00398,94.12421, 
12,15,10,8192,0.12545,0.02994,0.00012,0.35014,6.21078,0.00556,0.00022,0.00398,94.04668, 
13,15,10,8192,0.12621,0.02985,0.00012,0.34967,6.21381,0.00556,0.00008,0.00398,94.08417, 
14,15,10,8192,0.12730,0.03193,0.00011,0.34955,6.21627,0.00556,0.00008,0.00398,94.17564, 
15,15,10,8192,0.12577,0.02997,0.00012,0.34967,6.21474,0.00557,0.00013,0.00398,94.19889, 
16,15,10,8192,0.12601,0.03031,0.00012,0.34957,6.21384,0.00556,0.00009,0.00398,94.08643, 
17,15,10,8192,0.12578,0.03068,0.00011,0.35064,6.21610,0.00555,0.00008,0.00398,94.11753, 
18,15,10,8192,0.12580,0.02980,0.00012,0.34972,6.21770,0.00556,0.00009,0.00398,94.14443, 
19,15,10,8192,0.12631,0.02998,0.00011,0.34963,6.21245,0.00556,0.00009,0.00398,94.06470, 
20,15,10,8192,0.12289,0.02989,0.00011,0.34973,6.21244,0.00556,0.00009,0.00398,94.06507, 
21,15,10,8192,0.18649,0.03037,0.00012,0.35041,6.20532,0.00557,0.00015,0.00400,94.09414, 
22,15,10,8192,0.12582,0.02977,0.00012,0.34961,6.21287,0.00556,0.00007,0.00398,94.16470, 
23,15,10,8192,0.12585,0.03043,0.00011,0.35103,6.21374,0.00556,0.00009,0.00398,94.08670, 
24,15,10,8192,0.12597,0.02983,0.00011,0.34974,6.21903,0.00555,0.00009,0.00398,94.16673, 
25,15,10,8192,0.12556,0.03006,0.00011,0.35016,6.21000,0.00556,0.00008,0.00398,94.02390, 
26,15,10,8192,0.12582,0.02994,0.00011,0.34971,6.21948,0.00556,0.00009,0.00398,94.16737, 
27,15,10,8192,0.15030,0.03086,0.00011,0.34942,6.21602,0.00555,0.00009,0.00398,94.14760, 
28,15,10,8192,0.15756,0.03019,0.00013,0.34945,6.21546,0.00556,0.00008,0.00398,94.20557, 
29,15,10,8192,0.12587,0.02992,0.00011,0.34979,6.21451,0.00556,0.00009,0.00398,94.09936, 
30,15,10,8192,0.12590,0.03016,0.00012,0.35023,6.22375,0.00556,0.00008,0.00398,94.23625, 
1,15,11,1024,0.19036,0.22702,0.00041,0.83547,16.95572,0.01315,0.00006,0.00960,256.28444, 
2,15,11,1024,0.18159,0.21242,0.00040,0.82184,16.82731,0.01312,0.00012,0.00956,254.32568, 
3,15,11,1024,0.18963,0.21464,0.00040,0.82197,16.89420,0.01310,0.00010,0.00957,255.34132, 
4,15,11,1024,0.20568,0.21494,0.00040,0.82174,16.83345,0.01310,0.00007,0.00956,254.46387, 
5,15,11,1024,0.19016,0.21400,0.00040,0.82183,16.80753,0.01314,0.00017,0.00957,254.06753, 
6,15,11,1024,0.19036,0.21505,0.00040,0.82226,16.90380,0.01314,0.00016,0.00957,255.48518, 
7,15,11,1024,0.19003,0.21450,0.00040,0.82189,16.88826,0.01313,0.00010,0.00956,255.23993, 
8,15,11,1024,0.19256,0.21644,0.00040,0.82173,16.86054,0.01312,0.00011,0.00957,254.87667, 
9,15,11,1024,0.18987,0.21319,0.00040,0.82167,16.86259,0.01311,0.00011,0.00956,254.85437, 
10,15,11,1024,0.19116,0.21363,0.00040,0.82206,16.85792,0.01310,0.00009,0.00956,254.85270, 
11,15,11,1024,0.19012,0.21392,0.00040,0.82200,16.90459,0.01313,0.00018,0.00957,255.51858, 
12,15,11,1024,0.19001,0.21124,0.00040,0.82172,16.85150,0.01312,0.00009,0.00957,254.69291, 
13,15,11,1024,0.20394,0.30695,0.00042,0.82182,16.88884,0.01314,0.00016,0.00957,255.36112, 
14,15,11,1024,0.19104,0.21448,0.00040,0.82162,16.86549,0.01312,0.00009,0.00956,254.93539, 
15,15,11,1024,0.18980,0.21842,0.00040,0.82166,16.89967,0.01311,0.00009,0.00956,255.45606, 
16,15,11,1024,0.19666,0.21632,0.00040,0.82207,16.92020,0.01311,0.00010,0.00956,255.76851, 
17,15,11,1024,0.22701,0.21521,0.00040,0.82168,16.79464,0.01309,0.00007,0.00956,253.88693, 
18,15,11,1024,0.19028,0.21399,0.00040,0.82199,16.91193,0.01310,0.00010,0.00957,255.67544, 
19,15,11,1024,0.21024,0.21320,0.00040,0.82189,16.90834,0.01311,0.00009,0.00956,255.60692, 
20,15,11,1024,0.19491,0.21972,0.00043,0.82184,16.85179,0.01311,0.00008,0.00957,254.73051, 
21,15,11,1024,0.19058,0.21209,0.00040,0.82168,16.84655,0.01312,0.00011,0.00956,254.61439, 
22,15,11,1024,0.18988,0.21369,0.00040,0.82204,16.89002,0.01312,0.00010,0.00957,255.26827, 
23,15,11,1024,0.18987,0.21481,0.00040,0.82169,16.84448,0.01312,0.00014,0.00956,254.59581, 
24,15,11,1024,0.19599,0.21401,0.00040,0.82170,16.89071,0.01311,0.00011,0.00956,255.28450, 
25,15,11,1024,0.19019,0.21144,0.00041,0.82257,16.84861,0.01312,0.00011,0.00957,254.64644, 
26,15,11,1024,0.20771,0.21530,0.00040,0.82165,16.89471,0.01310,0.00009,0.00956,255.39468, 
27,15,11,1024,0.18981,0.21272,0.00040,0.82178,16.81506,0.01312,0.00008,0.00956,254.15268, 
28,15,11,1024,0.22566,0.21484,0.00041,0.82182,16.83687,0.01314,0.00016,0.00957,254.51539, 
29,15,11,1024,0.19038,0.21208,0.00040,0.82159,16.83918,0.01310,0.00009,0.00956,254.51092, 
30,15,11,1024,0.19040,0.21091,0.00040,0.82171,16.81382,0.01313,0.00009,0.00957,254.12989, 
1,15,11,2048,0.21965,0.21114,0.00040,0.82304,20.40084,0.01320,0.00012,0.00958,307.96723, 
2,15,11,2048,0.23713,0.21286,0.00040,0.82290,20.41906,0.01320,0.00012,0.00956,308.29048, 
3,15,11,2048,0.21787,0.21178,0.00040,0.82294,20.41582,0.01321,0.00010,0.00956,308.24409, 
4,15,11,2048,0.21851,0.21335,0.00040,0.82292,20.39400,0.01319,0.00011,0.00956,307.87959, 
5,15,11,2048,0.21869,0.21336,0.00040,0.82280,20.34911,0.01319,0.00011,0.00957,307.19764, 
6,15,11,2048,0.23186,0.21324,0.00040,0.82295,20.37067,0.01319,0.00012,0.00957,307.58021, 
7,15,11,2048,0.23368,0.21589,0.00041,0.82283,20.43108,0.01318,0.00011,0.00956,308.47542, 
8,15,11,2048,0.21840,0.21152,0.00040,0.82290,20.43075,0.01320,0.00018,0.00956,308.41296, 
9,15,11,2048,0.21901,0.21141,0.00040,0.82275,20.35488,0.01319,0.00012,0.00956,307.30215, 
10,15,11,2048,0.21877,0.21395,0.00040,0.82272,20.35392,0.01321,0.00013,0.00957,307.27233, 
11,15,11,2048,0.23719,0.22170,0.00040,0.82292,20.34778,0.01320,0.00009,0.00956,307.21495, 
12,15,11,2048,0.22364,0.21669,0.00040,0.82286,20.35585,0.01319,0.00011,0.00956,307.29862, 
13,15,11,2048,0.21842,0.21101,0.00040,0.82289,20.35330,0.01319,0.00011,0.00956,307.28091, 
14,15,11,2048,0.21879,0.21413,0.00040,0.82288,20.39024,0.01319,0.00012,0.00957,307.81258, 
15,15,11,2048,0.21880,0.21101,0.00040,0.82287,20.36706,0.01322,0.00021,0.00958,307.49822, 
16,15,11,2048,0.22124,0.21141,0.00040,0.82297,20.38985,0.01320,0.00010,0.00956,307.90030, 
17,15,11,2048,0.21884,0.21179,0.00040,0.82290,20.37431,0.01319,0.00011,0.00957,307.61343, 
18,15,11,2048,0.21978,0.21357,0.00040,0.82289,20.42051,0.01321,0.00012,0.00957,308.36635, 
19,15,11,2048,0.21876,0.21239,0.00040,0.82291,20.36286,0.01319,0.00010,0.00958,307.39705, 
20,15,11,2048,0.21931,0.21193,0.00040,0.82290,20.40963,0.01320,0.00014,0.00957,308.17574, 
21,15,11,2048,0.21896,0.21220,0.00040,0.82281,20.41264,0.01322,0.00022,0.00957,308.18139, 
22,15,11,2048,0.21882,0.21262,0.00040,0.82280,20.35823,0.01320,0.00007,0.00956,307.36124, 
23,15,11,2048,0.21921,0.19715,0.00043,0.82277,20.43722,0.01320,0.00015,0.00957,308.50198, 
24,15,11,2048,0.22010,0.21292,0.00040,0.82289,20.36686,0.01319,0.00012,0.00957,307.48483, 
25,15,11,2048,0.21874,0.21377,0.00040,0.82288,20.39113,0.01321,0.00013,0.00957,307.82046, 
26,15,11,2048,0.21895,0.21286,0.00040,0.82280,20.36690,0.01320,0.00012,0.00957,307.48215, 
27,15,11,2048,0.21841,0.21261,0.00040,0.82291,20.35579,0.01319,0.00007,0.00956,307.28717, 
28,15,11,2048,0.22799,0.21352,0.00040,0.82286,20.42358,0.01322,0.00018,0.00958,308.36587, 
29,15,11,2048,0.21874,0.21208,0.00040,0.82296,20.38917,0.01321,0.00014,0.00957,307.79930, 
30,15,11,2048,0.21787,0.21250,0.00040,0.82296,20.34665,0.01319,0.00007,0.00957,307.15778, 
1,15,11,4096,0.28584,0.21494,0.00040,0.82252,31.23205,0.01341,0.00016,0.00970,470.56694, 
2,15,11,4096,0.28152,0.21336,0.00041,0.83632,31.26832,0.01347,0.00014,0.00973,471.07850, 
3,15,11,4096,0.30448,0.22654,0.00041,0.83619,31.33237,0.01347,0.00019,0.00973,472.08349, 
4,15,11,4096,0.27500,0.21253,0.00041,0.83627,31.26704,0.01345,0.00015,0.00973,471.05547, 
5,15,11,4096,0.27642,0.22150,0.00041,0.83620,31.26549,0.01346,0.00014,0.00974,471.06584, 
6,15,11,4096,0.27457,0.21226,0.00041,0.83633,31.29360,0.01347,0.00025,0.00974,471.47993, 
7,15,11,4096,0.27500,0.21193,0.00041,0.83627,31.27349,0.01344,0.00014,0.00973,471.14640, 
8,15,11,4096,0.30359,0.21222,0.00041,0.83608,31.30113,0.01346,0.00021,0.00974,471.62308, 
9,15,11,4096,0.28440,0.30001,0.00042,0.83640,31.31026,0.01346,0.00012,0.00972,471.80061, 
10,15,11,4096,0.28207,0.30253,0.00042,0.83628,31.31708,0.01348,0.00020,0.00974,471.90608, 
11,15,11,4096,0.29235,0.21207,0.00041,0.83624,31.36607,0.01344,0.00007,0.00972,472.57909, 
12,15,11,4096,0.27511,0.21405,0.00041,0.83624,31.30049,0.01347,0.00020,0.00973,471.58145, 
13,15,11,4096,0.27482,0.21174,0.00041,0.83638,31.29713,0.01346,0.00023,0.00974,471.54333, 
14,15,11,4096,0.30567,0.21270,0.00041,0.83624,31.29428,0.01344,0.00013,0.00973,471.51989, 
15,15,11,4096,0.27917,0.22515,0.00041,0.83626,31.32874,0.01345,0.00018,0.00973,471.99659, 
16,15,11,4096,0.28277,0.21430,0.00041,0.83621,31.31053,0.01345,0.00009,0.00972,471.74762, 
17,15,11,4096,0.30772,0.21290,0.00041,0.83621,31.32229,0.01347,0.00021,0.00973,471.95372, 
18,15,11,4096,0.31107,0.21173,0.00041,0.83618,31.31622,0.01344,0.00008,0.00972,471.83053, 
19,15,11,4096,0.30818,0.21143,0.00042,0.83619,31.31725,0.01347,0.00020,0.00973,471.85595, 
20,15,11,4096,0.27615,0.21592,0.00041,0.83630,31.31149,0.01345,0.00015,0.00973,471.75740, 
21,15,11,4096,0.29153,0.21153,0.00052,0.90536,31.21486,0.01334,0.00012,0.00965,470.42527, 
22,15,11,4096,0.27583,0.21365,0.00040,0.82945,31.27125,0.01341,0.00013,0.00970,471.10977, 
23,15,11,4096,0.28152,0.21227,0.00041,0.83618,31.31354,0.01345,0.00015,0.00974,471.79255, 
24,15,11,4096,0.30252,0.22669,0.00041,0.83610,31.31654,0.01348,0.00023,0.00973,471.88698, 
25,15,11,4096,0.28019,0.21483,0.00041,0.83626,31.29445,0.01344,0.00011,0.00974,471.54644, 
26,15,11,4096,0.30197,0.22069,0.00041,0.83624,31.27877,0.01344,0.00017,0.00973,471.29959, 
27,15,11,4096,0.27516,0.21199,0.00041,0.83632,31.28582,0.01346,0.00021,0.00974,471.34632, 
28,15,11,4096,0.27497,0.21238,0.00041,0.83613,31.30331,0.01347,0.00022,0.00973,471.62065, 
29,15,11,4096,0.27560,0.21435,0.00041,0.83629,31.27798,0.01346,0.00015,0.00972,471.21817, 
30,15,11,4096,0.27708,0.21328,0.00041,0.83636,31.31569,0.01344,0.00013,0.00974,471.82045, 
1,15,11,8192,0.38662,0.21174,0.00041,0.83608,65.14703,0.01360,0.00017,0.00974,979.42601, 
2,15,11,8192,0.39455,0.21464,0.00042,0.83592,65.13367,0.01361,0.00022,0.00973,979.22706, 
3,15,11,8192,0.38622,0.21123,0.00041,0.83629,65.18629,0.01359,0.00011,0.00973,979.97739, 
4,15,11,8192,0.38673,0.20974,0.00041,0.83641,65.09368,0.01358,0.00009,0.00973,978.60833, 
5,15,11,8192,0.38594,0.21168,0.00041,0.83611,65.20954,0.01360,0.00022,0.00974,980.41715, 
6,15,11,8192,0.38650,0.21178,0.00041,0.83638,65.13281,0.01359,0.00014,0.00972,979.17019, 
7,15,11,8192,0.38615,0.21498,0.00041,0.83621,65.14299,0.01358,0.00012,0.00972,979.36181, 
8,15,11,8192,0.38129,0.21048,0.00041,0.83638,65.18488,0.01359,0.00018,0.00974,979.95008, 
9,15,11,8192,0.40027,0.22090,0.00043,0.83626,65.17336,0.01358,0.00010,0.00973,979.83185, 
10,15,11,8192,0.38628,0.21221,0.00051,0.88575,65.19919,0.01359,0.00015,0.00973,980.22496, 
11,15,11,8192,0.39732,0.21696,0.00041,0.83629,65.16765,0.01360,0.00018,0.00973,979.74222, 
12,15,11,8192,0.38902,0.21586,0.00046,0.83613,65.11515,0.01359,0.00014,0.00973,978.91300, 
13,15,11,8192,0.38735,0.21290,0.00041,0.83635,65.16326,0.01360,0.00020,0.00973,979.63438, 
14,15,11,8192,0.38638,0.21381,0.00041,0.83635,65.19643,0.01358,0.00010,0.00973,980.12451, 
15,15,11,8192,0.38715,0.21222,0.00041,0.83607,65.18390,0.01358,0.00010,0.00973,979.93523, 
16,15,11,8192,0.38621,0.21119,0.00041,0.83627,65.12115,0.01359,0.00014,0.00974,979.02347, 
17,15,11,8192,0.38600,0.21697,0.00041,0.83600,65.07024,0.01360,0.00021,0.00973,978.23419, 
18,15,11,8192,0.38589,0.21289,0.00041,0.83635,65.07425,0.01360,0.00020,0.00974,978.29902, 
19,15,11,8192,0.38693,0.21234,0.00041,0.83606,65.17105,0.01360,0.00016,0.00974,979.74377, 
20,15,11,8192,0.38614,0.21153,0.00041,0.83631,65.24756,0.01359,0.00010,0.00973,980.90906, 
21,15,11,8192,0.38673,0.21371,0.00041,0.83589,65.15693,0.01361,0.00016,0.00973,979.53990, 
22,15,11,8192,0.38558,0.21212,0.00041,0.83615,65.11711,0.01359,0.00014,0.00973,978.97105, 
23,15,11,8192,0.38653,0.21044,0.00041,0.83628,65.14228,0.01358,0.00013,0.00973,979.33916, 
23,15,11,16384,0.38653,0.21044,0.00041,0.83628,65.14228,0.01358,0.00013,0.00973,979.33916, 
